id,title,make,model,variant,price,year,mileage,fuelType,transmission,distanceMiles,postcodeArea,source,dealerName,motExpiry,listedAt,valueScore,valueInsight,imageUrl,originalListingUrl
1,Volkswagen Golf 1.5 TSI #1,Volkswagen,Golf,1.5 TSI,5379,2016,12137,Petrol,Automatic,9,SW11,Dealer Site,City Motors,Dec 2026,2026-06-02,56,£201 below similar listings,/images/cars/vw-golf.jpg,https://example.invalid/listing/1
2,Ford Fiesta Titanium #2,Ford,Fiesta,Titanium,5758,2017,12274,Diesel,Manual,16,SW12,Local Garage,Premium Cars Ltd,Dec 2026,2026-06-03,57,£202 below similar listings,/images/cars/ford-fiesta.jpg,https://example.invalid/listing/2
3,BMW 118i Sport #3,BMW,118i,Sport,6137,2018,12411,Hybrid,Automatic,23,SW13,Partner Dealer,Green Drive Motors,Dec 2026,2026-06-04,58,£203 below similar listings,/images/cars/bmw-1-series.jpg,https://example.invalid/listing/3
4,Toyota Yaris Hybrid #4,Toyota,Yaris,Hybrid,6516,2019,12548,Electric,Manual,30,SW14,eBay,Direct Autos,Dec 2026,2026-06-05,59,£204 below similar listings,/images/cars/toyota-yaris.jpg,https://example.invalid/listing/4
5,Audi A3 TDI Sport #5,Audi,A3,TDI Sport,6895,2020,12685,Petrol,Automatic,37,SW15,Dealer Site,EV Specialists,Dec 2026,2026-06-06,60,£205 below similar listings,/images/cars/audi-a3.jpg,https://example.invalid/listing/5
6,Nissan Leaf Tekna #6,Nissan,Leaf,Tekna,7274,2021,12822,Diesel,Manual,44,SW16,Local Garage,AutoMart London,Dec 2026,2026-06-07,61,£206 below similar listings,/images/cars/nissan-leaf.jpg,https://example.invalid/listing/6
7,Honda Civic i-VTEC #7,Honda,Civic,i-VTEC,7653,2022,12959,Hybrid,Automatic,51,SW17,Partner Dealer,City Motors,Dec 2026,2026-06-08,62,£207 below similar listings,/images/cars/honda-civic.jpg,https://example.invalid/listing/7
8,Mazda 3 SE-L #8,Mazda,3,SE-L,8032,2023,13096,Electric,Manual,58,SW18,eBay,Premium Cars Ltd,Dec 2026,2026-06-09,63,£208 below similar listings,/images/cars/mazda-3.jpg,https://example.invalid/listing/8
9,Volkswagen Golf 1.5 TSI #9,Volkswagen,Golf,1.5 TSI,8411,2024,13233,Petrol,Automatic,65,SW19,Dealer Site,Green Drive Motors,Dec 2026,2026-06-10,64,£209 below similar listings,/images/cars/vw-golf.jpg,https://example.invalid/listing/9
10,Ford Fiesta Titanium #10,Ford,Fiesta,Titanium,8790,2025,13370,Diesel,Manual,72,SW0,Local Garage,Direct Autos,Dec 2026,2026-06-11,65,£210 below similar listings,/images/cars/ford-fiesta.jpg,https://example.invalid/listing/10
11,BMW 118i Sport #11,BMW,118i,Sport,9169,2015,13507,Hybrid,Automatic,79,SW1,Partner Dealer,EV Specialists,Dec 2026,2026-06-12,66,£211 below similar listings,/images/cars/bmw-1-series.jpg,https://example.invalid/listing/11
12,Toyota Yaris Hybrid #12,Toyota,Yaris,Hybrid,9548,2016,13644,Electric,Manual,86,SW2,eBay,AutoMart London,Dec 2026,2026-06-13,67,£212 below similar listings,/images/cars/toyota-yaris.jpg,https://example.invalid/listing/12
13,Audi A3 TDI Sport #13,Audi,A3,TDI Sport,9927,2017,13781,Petrol,Automatic,93,SW3,Dealer Site,City Motors,Dec 2026,2026-06-14,68,£213 below similar listings,/images/cars/audi-a3.jpg,https://example.invalid/listing/13
14,Nissan Leaf Tekna #14,Nissan,Leaf,Tekna,10306,2018,13918,Diesel,Manual,100,SW4,Local Garage,Premium Cars Ltd,Dec 2026,2026-06-15,69,£214 below similar listings,/images/cars/nissan-leaf.jpg,https://example.invalid/listing/14
15,Honda Civic i-VTEC #15,Honda,Civic,i-VTEC,10685,2019,14055,Hybrid,Automatic,107,SW5,Partner Dealer,Green Drive Motors,Dec 2026,2026-06-16,70,£215 below similar listings,/images/cars/honda-civic.jpg,https://example.invalid/listing/15
16,Mazda 3 SE-L #16,Mazda,3,SE-L,11064,2020,14192,Electric,Manual,114,SW6,eBay,Direct Autos,Dec 2026,2026-06-17,71,£216 below similar listings,/images/cars/mazda-3.jpg,https://example.invalid/listing/16
17,Volkswagen Golf 1.5 TSI #17,Volkswagen,Golf,1.5 TSI,11443,2021,14329,Petrol,Automatic,121,SW7,Dealer Site,EV Specialists,Dec 2026,2026-06-18,72,£217 below similar listings,/images/cars/vw-golf.jpg,https://example.invalid/listing/17
18,Ford Fiesta Titanium #18,Ford,Fiesta,Titanium,11822,2022,14466,Diesel,Manual,128,SW8,Local Garage,AutoMart London,Dec 2026,2026-06-19,73,£218 below similar listings,/images/cars/ford-fiesta.jpg,https://example.invalid/listing/18
19,BMW 118i Sport #19,BMW,118i,Sport,12201,2023,14603,Hybrid,Automatic,135,SW9,Partner Dealer,City Motors,Dec 2026,2026-06-20,74,£219 below similar listings,/images/cars/bmw-1-series.jpg,https://example.invalid/listing/19
20,Toyota Yaris Hybrid #20,Toyota,Yaris,Hybrid,12580,2024,14740,Electric,Manual,142,SW10,eBay,Premium Cars Ltd,Dec 2026,2026-06-21,75,£220 below similar listings,/images/cars/toyota-yaris.jpg,https://example.invalid/listing/20
21,Audi A3 TDI Sport #21,Audi,A3,TDI Sport,12959,2025,14877,Petrol,Automatic,149,SW11,Dealer Site,Green Drive Motors,Dec 2026,2026-06-22,76,£221 below similar listings,/images/cars/audi-a3.jpg,https://example.invalid/listing/21
22,Nissan Leaf Tekna #22,Nissan,Leaf,Tekna,13338,2015,15014,Diesel,Manual,6,SW12,Local Garage,Direct Autos,Dec 2026,2026-06-23,77,£222 below similar listings,/images/cars/nissan-leaf.jpg,https://example.invalid/listing/22
23,Honda Civic i-VTEC #23,Honda,Civic,i-VTEC,13717,2016,15151,Hybrid,Automatic,13,SW13,Partner Dealer,EV Specialists,Dec 2026,2026-06-24,78,£223 below similar listings,/images/cars/honda-civic.jpg,https://example.invalid/listing/23
24,Mazda 3 SE-L #24,Mazda,3,SE-L,14096,2017,15288,Electric,Manual,20,SW14,eBay,AutoMart London,Dec 2026,2026-06-25,79,£224 below similar listings,/images/cars/mazda-3.jpg,https://example.invalid/listing/24
25,Volkswagen Golf 1.5 TSI #25,Volkswagen,Golf,1.5 TSI,14475,2018,15425,Petrol,Automatic,27,SW15,Dealer Site,City Motors,Dec 2026,2026-06-26,80,£225 below similar listings,/images/cars/vw-golf.jpg,https://example.invalid/listing/25
26,Ford Fiesta Titanium #26,Ford,Fiesta,Titanium,14854,2019,15562,Diesel,Manual,34,SW16,Local Garage,Premium Cars Ltd,Dec 2026,2026-06-27,81,£226 below similar listings,/images/cars/ford-fiesta.jpg,https://example.invalid/listing/26
27,BMW 118i Sport #27,BMW,118i,Sport,15233,2020,15699,Hybrid,Automatic,41,SW17,Partner Dealer,Green Drive Motors,Dec 2026,2026-06-28,82,£227 below similar listings,/images/cars/bmw-1-series.jpg,https://example.invalid/listing/27
28,Toyota Yaris Hybrid #28,Toyota,Yaris,Hybrid,15612,2021,15836,Electric,Manual,48,SW18,eBay,Direct Autos,Dec 2026,2026-06-01,83,£228 below similar listings,/images/cars/toyota-yaris.jpg,https://example.invalid/listing/28
29,Audi A3 TDI Sport #29,Audi,A3,TDI Sport,15991,2022,15973,Petrol,Automatic,55,SW19,Dealer Site,EV Specialists,Dec 2026,2026-06-02,84,£229 below similar listings,/images/cars/audi-a3.jpg,https://example.invalid/listing/29
30,Nissan Leaf Tekna #30,Nissan,Leaf,Tekna,16370,2023,16110,Diesel,Manual,62,SW0,Local Garage,AutoMart London,Dec 2026,2026-06-03,85,£230 below similar listings,/images/cars/nissan-leaf.jpg,https://example.invalid/listing/30
31,Honda Civic i-VTEC #31,Honda,Civic,i-VTEC,16749,2024,16247,Hybrid,Automatic,69,SW1,Partner Dealer,City Motors,Dec 2026,2026-06-04,86,£231 below similar listings,/images/cars/honda-civic.jpg,https://example.invalid/listing/31
32,Mazda 3 SE-L #32,Mazda,3,SE-L,17128,2025,16384,Electric,Manual,76,SW2,eBay,Premium Cars Ltd,Dec 2026,2026-06-05,87,£232 below similar listings,/images/cars/mazda-3.jpg,https://example.invalid/listing/32
33,Volkswagen Golf 1.5 TSI #33,Volkswagen,Golf,1.5 TSI,17507,2015,16521,Petrol,Automatic,83,SW3,Dealer Site,Green Drive Motors,Dec 2026,2026-06-06,88,£233 below similar listings,/images/cars/vw-golf.jpg,https://example.invalid/listing/33
34,Ford Fiesta Titanium #34,Ford,Fiesta,Titanium,17886,2016,16658,Diesel,Manual,90,SW4,Local Garage,Direct Autos,Dec 2026,2026-06-07,89,£234 below similar listings,/images/cars/ford-fiesta.jpg,https://example.invalid/listing/34
35,BMW 118i Sport #35,BMW,118i,Sport,18265,2017,16795,Hybrid,Automatic,97,SW5,Partner Dealer,EV Specialists,Dec 2026,2026-06-08,90,£235 below similar listings,/images/cars/bmw-1-series.jpg,https://example.invalid/listing/35
36,Toyota Yaris Hybrid #36,Toyota,Yaris,Hybrid,18644,2018,16932,Electric,Manual,104,SW6,eBay,AutoMart London,Dec 2026,2026-06-09,91,£236 below similar listings,/images/cars/toyota-yaris.jpg,https://example.invalid/listing/36
37,Audi A3 TDI Sport #37,Audi,A3,TDI Sport,19023,2019,17069,Petrol,Automatic,111,SW7,Dealer Site,City Motors,Dec 2026,2026-06-10,92,£237 below similar listings,/images/cars/audi-a3.jpg,https://example.invalid/listing/37
38,Nissan Leaf Tekna #38,Nissan,Leaf,Tekna,19402,2020,17206,Diesel,Manual,118,SW8,Local Garage,Premium Cars Ltd,Dec 2026,2026-06-11,93,£238 below similar listings,/images/cars/nissan-leaf.jpg,https://example.invalid/listing/38
39,Honda Civic i-VTEC #39,Honda,Civic,i-VTEC,19781,2021,17343,Hybrid,Automatic,125,SW9,Partner Dealer,Green Drive Motors,Dec 2026,2026-06-12,94,£239 below similar listings,/images/cars/honda-civic.jpg,https://example.invalid/listing/39
40,Mazda 3 SE-L #40,Mazda,3,SE-L,20160,2022,17480,Electric,Manual,132,SW10,eBay,Direct Autos,Dec 2026,2026-06-13,95,£240 below similar listings,/images/cars/mazda-3.jpg,https://example.invalid/listing/40
41,Volkswagen Golf 1.5 TSI #41,Volkswagen,Golf,1.5 TSI,20539,2023,17617,Petrol,Automatic,139,SW11,Dealer Site,EV Specialists,Dec 2026,2026-06-14,96,£241 below similar listings,/images/cars/vw-golf.jpg,https://example.invalid/listing/41
42,Ford Fiesta Titanium #42,Ford,Fiesta,Titanium,20918,2024,17754,Diesel,Manual,146,SW12,Local Garage,AutoMart London,Dec 2026,2026-06-15,97,£242 below similar listings,/images/cars/ford-fiesta.jpg,https://example.invalid/listing/42
43,BMW 118i Sport #43,BMW,118i,Sport,21297,2025,17891,Hybrid,Automatic,3,SW13,Partner Dealer,City Motors,Dec 2026,2026-06-16,55,£243 below similar listings,/images/cars/bmw-1-series.jpg,https://example.invalid/listing/43
44,Toyota Yaris Hybrid #44,Toyota,Yaris,Hybrid,21676,2015,18028,Electric,Manual,10,SW14,eBay,Premium Cars Ltd,Dec 2026,2026-06-17,56,£244 below similar listings,/images/cars/toyota-yaris.jpg,https://example.invalid/listing/44
45,Audi A3 TDI Sport #45,Audi,A3,TDI Sport,22055,2016,18165,Petrol,Automatic,17,SW15,Dealer Site,Green Drive Motors,Dec 2026,2026-06-18,57,£245 below similar listings,/images/cars/audi-a3.jpg,https://example.invalid/listing/45
46,Nissan Leaf Tekna #46,Nissan,Leaf,Tekna,22434,2017,18302,Diesel,Manual,24,SW16,Local Garage,Direct Autos,Dec 2026,2026-06-19,58,£246 below similar listings,/images/cars/nissan-leaf.jpg,https://example.invalid/listing/46
47,Honda Civic i-VTEC #47,Honda,Civic,i-VTEC,22813,2018,18439,Hybrid,Automatic,31,SW17,Partner Dealer,EV Specialists,Dec 2026,2026-06-20,59,£247 below similar listings,/images/cars/honda-civic.jpg,https://example.invalid/listing/47
48,Mazda 3 SE-L #48,Mazda,3,SE-L,23192,2019,18576,Electric,Manual,38,SW18,eBay,AutoMart London,Dec 2026,2026-06-21,60,£248 below similar listings,/images/cars/mazda-3.jpg,https://example.invalid/listing/48
49,Volkswagen Golf 1.5 TSI #49,Volkswagen,Golf,1.5 TSI,23571,2020,18713,Petrol,Automatic,45,SW19,Dealer Site,City Motors,Dec 2026,2026-06-22,61,£249 below similar listings,/images/cars/vw-golf.jpg,https://example.invalid/listing/49
50,Ford Fiesta Titanium #50,Ford,Fiesta,Titanium,23950,2021,18850,Diesel,Manual,52,SW0,Local Garage,Premium Cars Ltd,Dec 2026,2026-06-23,62,£250 below similar listings,/images/cars/ford-fiesta.jpg,https://example.invalid/listing/50
51,BMW 118i Sport #51,BMW,118i,Sport,24329,2022,18987,Hybrid,Automatic,59,SW1,Partner Dealer,Green Drive Motors,Dec 2026,2026-06-24,63,£251 below similar listings,/images/cars/bmw-1-series.jpg,https://example.invalid/listing/51
52,Toyota Yaris Hybrid #52,Toyota,Yaris,Hybrid,24708,2023,19124,Electric,Manual,66,SW2,eBay,Direct Autos,Dec 2026,2026-06-25,64,£252 below similar listings,/images/cars/toyota-yaris.jpg,https://example.invalid/listing/52
53,Audi A3 TDI Sport #53,Audi,A3,TDI Sport,25087,2024,19261,Petrol,Automatic,73,SW3,Dealer Site,EV Specialists,Dec 2026,2026-06-26,65,£253 below similar listings,/images/cars/audi-a3.jpg,https://example.invalid/listing/53
54,Nissan Leaf Tekna #54,Nissan,Leaf,Tekna,25466,2025,19398,Diesel,Manual,80,SW4,Local Garage,AutoMart London,Dec 2026,2026-06-27,66,£254 below similar listings,/images/cars/nissan-leaf.jpg,https://example.invalid/listing/54
55,Honda Civic i-VTEC #55,Honda,Civic,i-VTEC,25845,2015,19535,Hybrid,Automatic,87,SW5,Partner Dealer,City Motors,Dec 2026,2026-06-28,67,£255 below similar listings,/images/cars/honda-civic.jpg,https://example.invalid/listing/55
56,Mazda 3 SE-L #56,Mazda,3,SE-L,26224,2016,19672,Electric,Manual,94,SW6,eBay,Premium Cars Ltd,Dec 2026,2026-06-01,68,£256 below similar listings,/images/cars/mazda-3.jpg,https://example.invalid/listing/56
57,Volkswagen Golf 1.5 TSI #57,Volkswagen,Golf,1.5 TSI,26603,2017,19809,Petrol,Automatic,101,SW7,Dealer Site,Green Drive Motors,Dec 2026,2026-06-02,69,£257 below similar listings,/images/cars/vw-golf.jpg,https://example.invalid/listing/57
58,Ford Fiesta Titanium #58,Ford,Fiesta,Titanium,26982,2018,19946,Diesel,Manual,108,SW8,Local Garage,Direct Autos,Dec 2026,2026-06-03,70,£258 below similar listings,/images/cars/ford-fiesta.jpg,https://example.invalid/listing/58
59,BMW 118i Sport #59,BMW,118i,Sport,27361,2019,20083,Hybrid,Automatic,115,SW9,Partner Dealer,EV Specialists,Dec 2026,2026-06-04,71,£259 below similar listings,/images/cars/bmw-1-series.jpg,https://example.invalid/listing/59
60,Toyota Yaris Hybrid #60,Toyota,Yaris,Hybrid,27740,2020,20220,Electric,Manual,122,SW10,eBay,AutoMart London,Dec 2026,2026-06-05,72,£260 below similar listings,/images/cars/toyota-yaris.jpg,https://example.invalid/listing/60
61,Audi A3 TDI Sport #61,Audi,A3,TDI Sport,28119,2021,20357,Petrol,Automatic,129,SW11,Dealer Site,City Motors,Dec 2026,2026-06-06,73,£261 below similar listings,/images/cars/audi-a3.jpg,https://example.invalid/listing/61
62,Nissan Leaf Tekna #62,Nissan,Leaf,Tekna,28498,2022,20494,Diesel,Manual,136,SW12,Local Garage,Premium Cars Ltd,Dec 2026,2026-06-07,74,£262 below similar listings,/images/cars/nissan-leaf.jpg,https://example.invalid/listing/62
63,Honda Civic i-VTEC #63,Honda,Civic,i-VTEC,28877,2023,20631,Hybrid,Automatic,143,SW13,Partner Dealer,Green Drive Motors,Dec 2026,2026-06-08,75,£263 below similar listings,/images/cars/honda-civic.jpg,https://example.invalid/listing/63
64,Mazda 3 SE-L #64,Mazda,3,SE-L,29256,2024,20768,Electric,Manual,150,SW14,eBay,Direct Autos,Dec 2026,2026-06-09,76,£264 below similar listings,/images/cars/mazda-3.jpg,https://example.invalid/listing/64
65,Volkswagen Golf 1.5 TSI #65,Volkswagen,Golf,1.5 TSI,29635,2025,20905,Petrol,Automatic,7,SW15,Dealer Site,EV Specialists,Dec 2026,2026-06-10,77,£265 below similar listings,/images/cars/vw-golf.jpg,https://example.invalid/listing/65
66,Ford Fiesta Titanium #66,Ford,Fiesta,Titanium,30014,2015,21042,Diesel,Manual,14,SW16,Local Garage,AutoMart London,Dec 2026,2026-06-11,78,£266 below similar listings,/images/cars/ford-fiesta.jpg,https://example.invalid/listing/66
67,BMW 118i Sport #67,BMW,118i,Sport,30393,2016,21179,Hybrid,Automatic,21,SW17,Partner Dealer,City Motors,Dec 2026,2026-06-12,79,£267 below similar listings,/images/cars/bmw-1-series.jpg,https://example.invalid/listing/67
68,Toyota Yaris Hybrid #68,Toyota,Yaris,Hybrid,30772,2017,21316,Electric,Manual,28,SW18,eBay,Premium Cars Ltd,Dec 2026,2026-06-13,80,£268 below similar listings,/images/cars/toyota-yaris.jpg,https://example.invalid/listing/68
69,Audi A3 TDI Sport #69,Audi,A3,TDI Sport,5151,2018,21453,Petrol,Automatic,35,SW19,Dealer Site,Green Drive Motors,Dec 2026,2026-06-14,81,£269 below similar listings,/images/cars/audi-a3.jpg,https://example.invalid/listing/69
70,Nissan Leaf Tekna #70,Nissan,Leaf,Tekna,5530,2019,21590,Diesel,Manual,42,SW0,Local Garage,Direct Autos,Dec 2026,2026-06-15,82,£270 below similar listings,/images/cars/nissan-leaf.jpg,https://example.invalid/listing/70
71,Honda Civic i-VTEC #71,Honda,Civic,i-VTEC,5909,2020,21727,Hybrid,Automatic,49,SW1,Partner Dealer,EV Specialists,Dec 2026,2026-06-16,83,£271 below similar listings,/images/cars/honda-civic.jpg,https://example.invalid/listing/71
72,Mazda 3 SE-L #72,Mazda,3,SE-L,6288,2021,21864,Electric,Manual,56,SW2,eBay,AutoMart London,Dec 2026,2026-06-17,84,£272 below similar listings,/images/cars/mazda-3.jpg,https://example.invalid/listing/72
73,Volkswagen Golf 1.5 TSI #73,Volkswagen,Golf,1.5 TSI,6667,2022,22001,Petrol,Automatic,63,SW3,Dealer Site,City Motors,Dec 2026,2026-06-18,85,£273 below similar listings,/images/cars/vw-golf.jpg,https://example.invalid/listing/73
74,Ford Fiesta Titanium #74,Ford,Fiesta,Titanium,7046,2023,22138,Diesel,Manual,70,SW4,Local Garage,Premium Cars Ltd,Dec 2026,2026-06-19,86,£274 below similar listings,/images/cars/ford-fiesta.jpg,https://example.invalid/listing/74
75,BMW 118i Sport #75,BMW,118i,Sport,7425,2024,22275,Hybrid,Automatic,77,SW5,Partner Dealer,Green Drive Motors,Dec 2026,2026-06-20,87,£275 below similar listings,/images/cars/bmw-1-series.jpg,https://example.invalid/listing/75
76,Toyota Yaris Hybrid #76,Toyota,Yaris,Hybrid,7804,2025,22412,Electric,Manual,84,SW6,eBay,Direct Autos,Dec 2026,2026-06-21,88,£276 below similar listings,/images/cars/toyota-yaris.jpg,https://example.invalid/listing/76
77,Audi A3 TDI Sport #77,Audi,A3,TDI Sport,8183,2015,22549,Petrol,Automatic,91,SW7,Dealer Site,EV Specialists,Dec 2026,2026-06-22,89,£277 below similar listings,/images/cars/audi-a3.jpg,https://example.invalid/listing/77
78,Nissan Leaf Tekna #78,Nissan,Leaf,Tekna,8562,2016,22686,Diesel,Manual,98,SW8,Local Garage,AutoMart London,Dec 2026,2026-06-23,90,£278 below similar listings,/images/cars/nissan-leaf.jpg,https://example.invalid/listing/78
79,Honda Civic i-VTEC #79,Honda,Civic,i-VTEC,8941,2017,22823,Hybrid,Automatic,105,SW9,Partner Dealer,City Motors,Dec 2026,2026-06-24,91,£279 below similar listings,/images/cars/honda-civic.jpg,https://example.invalid/listing/79
80,Mazda 3 SE-L #80,Mazda,3,SE-L,9320,2018,22960,Electric,Manual,112,SW10,eBay,Premium Cars Ltd,Dec 2026,2026-06-25,92,£280 below similar listings,/images/cars/mazda-3.jpg,https://example.invalid/listing/80
81,Volkswagen Golf 1.5 TSI #81,Volkswagen,Golf,1.5 TSI,9699,2019,23097,Petrol,Automatic,119,SW11,Dealer Site,Green Drive Motors,Dec 2026,2026-06-26,93,£281 below similar listings,/images/cars/vw-golf.jpg,https://example.invalid/listing/81
82,Ford Fiesta Titanium #82,Ford,Fiesta,Titanium,10078,2020,23234,Diesel,Manual,126,SW12,Local Garage,Direct Autos,Dec 2026,2026-06-27,94,£282 below similar listings,/images/cars/ford-fiesta.jpg,https://example.invalid/listing/82
83,BMW 118i Sport #83,BMW,118i,Sport,10457,2021,23371,Hybrid,Automatic,133,SW13,Partner Dealer,EV Specialists,Dec 2026,2026-06-28,95,£283 below similar listings,/images/cars/bmw-1-series.jpg,https://example.invalid/listing/83
84,Toyota Yaris Hybrid #84,Toyota,Yaris,Hybrid,10836,2022,23508,Electric,Manual,140,SW14,eBay,AutoMart London,Dec 2026,2026-06-01,96,£284 below similar listings,/images/cars/toyota-yaris.jpg,https://example.invalid/listing/84
85,Audi A3 TDI Sport #85,Audi,A3,TDI Sport,11215,2023,23645,Petrol,Automatic,147,SW15,Dealer Site,City Motors,Dec 2026,2026-06-02,97,£285 below similar listings,/images/cars/audi-a3.jpg,https://example.invalid/listing/85
86,Nissan Leaf Tekna #86,Nissan,Leaf,Tekna,11594,2024,23782,Diesel,Manual,4,SW16,Local Garage,Premium Cars Ltd,Dec 2026,2026-06-03,55,£286 below similar listings,/images/cars/nissan-leaf.jpg,https://example.invalid/listing/86
87,Honda Civic i-VTEC #87,Honda,Civic,i-VTEC,11973,2025,23919,Hybrid,Automatic,11,SW17,Partner Dealer,Green Drive Motors,Dec 2026,2026-06-04,56,£287 below similar listings,/images/cars/honda-civic.jpg,https://example.invalid/listing/87
88,Mazda 3 SE-L #88,Mazda,3,SE-L,12352,2015,24056,Electric,Manual,18,SW18,eBay,Direct Autos,Dec 2026,2026-06-05,57,£288 below similar listings,/images/cars/mazda-3.jpg,https://example.invalid/listing/88
89,Volkswagen Golf 1.5 TSI #89,Volkswagen,Golf,1.5 TSI,12731,2016,24193,Petrol,Automatic,25,SW19,Dealer Site,EV Specialists,Dec 2026,2026-06-06,58,£289 below similar listings,/images/cars/vw-golf.jpg,https://example.invalid/listing/89
90,Ford Fiesta Titanium #90,Ford,Fiesta,Titanium,13110,2017,24330,Diesel,Manual,32,SW0,Local Garage,AutoMart London,Dec 2026,2026-06-07,59,£290 below similar listings,/images/cars/ford-fiesta.jpg,https://example.invalid/listing/90
91,BMW 118i Sport #91,BMW,118i,Sport,13489,2018,24467,Hybrid,Automatic,39,SW1,Partner Dealer,City Motors,Dec 2026,2026-06-08,60,£291 below similar listings,/images/cars/bmw-1-series.jpg,https://example.invalid/listing/91
92,Toyota Yaris Hybrid #92,Toyota,Yaris,Hybrid,13868,2019,24604,Electric,Manual,46,SW2,eBay,Premium Cars Ltd,Dec 2026,2026-06-09,61,£292 below similar listings,/images/cars/toyota-yaris.jpg,https://example.invalid/listing/92
93,Audi A3 TDI Sport #93,Audi,A3,TDI Sport,14247,2020,24741,Petrol,Automatic,53,SW3,Dealer Site,Green Drive Motors,Dec 2026,2026-06-10,62,£293 below similar listings,/images/cars/audi-a3.jpg,https://example.invalid/listing/93
94,Nissan Leaf Tekna #94,Nissan,Leaf,Tekna,14626,2021,24878,Diesel,Manual,60,SW4,Local Garage,Direct Autos,Dec 2026,2026-06-11,63,£294 below similar listings,/images/cars/nissan-leaf.jpg,https://example.invalid/listing/94
95,Honda Civic i-VTEC #95,Honda,Civic,i-VTEC,15005,2022,25015,Hybrid,Automatic,67,SW5,Partner Dealer,EV Specialists,Dec 2026,2026-06-12,64,£295 below similar listings,/images/cars/honda-civic.jpg,https://example.invalid/listing/95
96,Mazda 3 SE-L #96,Mazda,3,SE-L,15384,2023,25152,Electric,Manual,74,SW6,eBay,AutoMart London,Dec 2026,2026-06-13,65,£296 below similar listings,/images/cars/mazda-3.jpg,https://example.invalid/listing/96
97,Volkswagen Golf 1.5 TSI #97,Volkswagen,Golf,1.5 TSI,15763,2024,25289,Petrol,Automatic,81,SW7,Dealer Site,City Motors,Dec 2026,2026-06-14,66,£297 below similar listings,/images/cars/vw-golf.jpg,https://example.invalid/listing/97
98,Ford Fiesta Titanium #98,Ford,Fiesta,Titanium,16142,2025,25426,Diesel,Manual,88,SW8,Local Garage,Premium Cars Ltd,Dec 2026,2026-06-15,67,£298 below similar listings,/images/cars/ford-fiesta.jpg,https://example.invalid/listing/98
99,BMW 118i Sport #99,BMW,118i,Sport,16521,2015,25563,Hybrid,Automatic,95,SW9,Partner Dealer,Green Drive Motors,Dec 2026,2026-06-16,68,£299 below similar listings,/images/cars/bmw-1-series.jpg,https://example.invalid/listing/99
100,Toyota Yaris Hybrid #100,Toyota,Yaris,Hybrid,16900,2016,25700,Electric,Manual,102,SW10,eBay,Direct Autos,Dec 2026,2026-06-17,69,£300 below similar listings,/images/cars/toyota-yaris.jpg,https://example.invalid/listing/100
101,Audi A3 TDI Sport #101,Audi,A3,TDI Sport,17279,2017,25837,Petrol,Automatic,109,SW11,Dealer Site,EV Specialists,Dec 2026,2026-06-18,70,£301 below similar listings,/images/cars/audi-a3.jpg,https://example.invalid/listing/101
102,Nissan Leaf Tekna #102,Nissan,Leaf,Tekna,17658,2018,25974,Diesel,Manual,116,SW12,Local Garage,AutoMart London,Dec 2026,2026-06-19,71,£302 below similar listings,/images/cars/nissan-leaf.jpg,https://example.invalid/listing/102
103,Honda Civic i-VTEC #103,Honda,Civic,i-VTEC,18037,2019,26111,Hybrid,Automatic,123,SW13,Partner Dealer,City Motors,Dec 2026,2026-06-20,72,£303 below similar listings,/images/cars/honda-civic.jpg,https://example.invalid/listing/103
104,Mazda 3 SE-L #104,Mazda,3,SE-L,18416,2020,26248,Electric,Manual,130,SW14,eBay,Premium Cars Ltd,Dec 2026,2026-06-21,73,£304 below similar listings,/images/cars/mazda-3.jpg,https://example.invalid/listing/104
105,Volkswagen Golf 1.5 TSI #105,Volkswagen,Golf,1.5 TSI,18795,2021,26385,Petrol,Automatic,137,SW15,Dealer Site,Green Drive Motors,Dec 2026,2026-06-22,74,£305 below similar listings,/images/cars/vw-golf.jpg,https://example.invalid/listing/105
106,Ford Fiesta Titanium #106,Ford,Fiesta,Titanium,19174,2022,26522,Diesel,Manual,144,SW16,Local Garage,Direct Autos,Dec 2026,2026-06-23,75,£306 below similar listings,/images/cars/ford-fiesta.jpg,https://example.invalid/listing/106
107,BMW 118i Sport #107,BMW,118i,Sport,19553,2023,26659,Hybrid,Automatic,151,SW17,Partner Dealer,EV Specialists,Dec 2026,2026-06-24,76,£307 below similar listings,/images/cars/bmw-1-series.jpg,https://example.invalid/listing/107
108,Toyota Yaris Hybrid #108,Toyota,Yaris,Hybrid,19932,2024,26796,Electric,Manual,8,SW18,eBay,AutoMart London,Dec 2026,2026-06-25,77,£308 below similar listings,/images/cars/toyota-yaris.jpg,https://example.invalid/listing/108
109,Audi A3 TDI Sport #109,Audi,A3,TDI Sport,20311,2025,26933,Petrol,Automatic,15,SW19,Dealer Site,City Motors,Dec 2026,2026-06-26,78,£309 below similar listings,/images/cars/audi-a3.jpg,https://example.invalid/listing/109
110,Nissan Leaf Tekna #110,Nissan,Leaf,Tekna,20690,2015,27070,Diesel,Manual,22,SW0,Local Garage,Premium Cars Ltd,Dec 2026,2026-06-27,79,£310 below similar listings,/images/cars/nissan-leaf.jpg,https://example.invalid/listing/110
111,Honda Civic i-VTEC #111,Honda,Civic,i-VTEC,21069,2016,27207,Hybrid,Automatic,29,SW1,Partner Dealer,Green Drive Motors,Dec 2026,2026-06-28,80,£311 below similar listings,/images/cars/honda-civic.jpg,https://example.invalid/listing/111
112,Mazda 3 SE-L #112,Mazda,3,SE-L,21448,2017,27344,Electric,Manual,36,SW2,eBay,Direct Autos,Dec 2026,2026-06-01,81,£312 below similar listings,/images/cars/mazda-3.jpg,https://example.invalid/listing/112
113,Volkswagen Golf 1.5 TSI #113,Volkswagen,Golf,1.5 TSI,21827,2018,27481,Petrol,Automatic,43,SW3,Dealer Site,EV Specialists,Dec 2026,2026-06-02,82,£313 below similar listings,/images/cars/vw-golf.jpg,https://example.invalid/listing/113
114,Ford Fiesta Titanium #114,Ford,Fiesta,Titanium,22206,2019,27618,Diesel,Manual,50,SW4,Local Garage,AutoMart London,Dec 2026,2026-06-03,83,£314 below similar listings,/images/cars/ford-fiesta.jpg,https://example.invalid/listing/114
115,BMW 118i Sport #115,BMW,118i,Sport,22585,2020,27755,Hybrid,Automatic,57,SW5,Partner Dealer,City Motors,Dec 2026,2026-06-04,84,£315 below similar listings,/images/cars/bmw-1-series.jpg,https://example.invalid/listing/115
116,Toyota Yaris Hybrid #116,Toyota,Yaris,Hybrid,22964,2021,27892,Electric,Manual,64,SW6,eBay,Premium Cars Ltd,Dec 2026,2026-06-05,85,£316 below similar listings,/images/cars/toyota-yaris.jpg,https://example.invalid/listing/116
117,Audi A3 TDI Sport #117,Audi,A3,TDI Sport,23343,2022,28029,Petrol,Automatic,71,SW7,Dealer Site,Green Drive Motors,Dec 2026,2026-06-06,86,£317 below similar listings,/images/cars/audi-a3.jpg,https://example.invalid/listing/117
118,Nissan Leaf Tekna #118,Nissan,Leaf,Tekna,23722,2023,28166,Diesel,Manual,78,SW8,Local Garage,Direct Autos,Dec 2026,2026-06-07,87,£318 below similar listings,/images/cars/nissan-leaf.jpg,https://example.invalid/listing/118
119,Honda Civic i-VTEC #119,Honda,Civic,i-VTEC,24101,2024,28303,Hybrid,Automatic,85,SW9,Partner Dealer,EV Specialists,Dec 2026,2026-06-08,88,£319 below similar listings,/images/cars/honda-civic.jpg,https://example.invalid/listing/119
120,Mazda 3 SE-L #120,Mazda,3,SE-L,24480,2025,28440,Electric,Manual,92,SW10,eBay,AutoMart London,Dec 2026,2026-06-09,89,£320 below similar listings,/images/cars/mazda-3.jpg,https://example.invalid/listing/120
121,Volkswagen Golf 1.5 TSI #121,Volkswagen,Golf,1.5 TSI,24859,2015,28577,Petrol,Automatic,99,SW11,Dealer Site,City Motors,Dec 2026,2026-06-10,90,£321 below similar listings,/images/cars/vw-golf.jpg,https://example.invalid/listing/121
122,Ford Fiesta Titanium #122,Ford,Fiesta,Titanium,25238,2016,28714,Diesel,Manual,106,SW12,Local Garage,Premium Cars Ltd,Dec 2026,2026-06-11,91,£322 below similar listings,/images/cars/ford-fiesta.jpg,https://example.invalid/listing/122
123,BMW 118i Sport #123,BMW,118i,Sport,25617,2017,28851,Hybrid,Automatic,113,SW13,Partner Dealer,Green Drive Motors,Dec 2026,2026-06-12,92,£323 below similar listings,/images/cars/bmw-1-series.jpg,https://example.invalid/listing/123
124,Toyota Yaris Hybrid #124,Toyota,Yaris,Hybrid,25996,2018,28988,Electric,Manual,120,SW14,eBay,Direct Autos,Dec 2026,2026-06-13,93,£324 below similar listings,/images/cars/toyota-yaris.jpg,https://example.invalid/listing/124
125,Audi A3 TDI Sport #125,Audi,A3,TDI Sport,26375,2019,29125,Petrol,Automatic,127,SW15,Dealer Site,EV Specialists,Dec 2026,2026-06-14,94,£325 below similar listings,/images/cars/audi-a3.jpg,https://example.invalid/listing/125
126,Nissan Leaf Tekna #126,Nissan,Leaf,Tekna,26754,2020,29262,Diesel,Manual,134,SW16,Local Garage,AutoMart London,Dec 2026,2026-06-15,95,£326 below similar listings,/images/cars/nissan-leaf.jpg,https://example.invalid/listing/126
127,Honda Civic i-VTEC #127,Honda,Civic,i-VTEC,27133,2021,29399,Hybrid,Automatic,141,SW17,Partner Dealer,City Motors,Dec 2026,2026-06-16,96,£327 below similar listings,/images/cars/honda-civic.jpg,https://example.invalid/listing/127
128,Mazda 3 SE-L #128,Mazda,3,SE-L,27512,2022,29536,Electric,Manual,148,SW18,eBay,Premium Cars Ltd,Dec 2026,2026-06-17,97,£328 below similar listings,/images/cars/mazda-3.jpg,https://example.invalid/listing/128
129,Volkswagen Golf 1.5 TSI #129,Volkswagen,Golf,1.5 TSI,27891,2023,29673,Petrol,Automatic,5,SW19,Dealer Site,Green Drive Motors,Dec 2026,2026-06-18,55,£329 below similar listings,/images/cars/vw-golf.jpg,https://example.invalid/listing/129
130,Ford Fiesta Titanium #130,Ford,Fiesta,Titanium,28270,2024,29810,Diesel,Manual,12,SW0,Local Garage,Direct Autos,Dec 2026,2026-06-19,56,£330 below similar listings,/images/cars/ford-fiesta.jpg,https://example.invalid/listing/130
131,BMW 118i Sport #131,BMW,118i,Sport,28649,2025,29947,Hybrid,Automatic,19,SW1,Partner Dealer,EV Specialists,Dec 2026,2026-06-20,57,£331 below similar listings,/images/cars/bmw-1-series.jpg,https://example.invalid/listing/131
132,Toyota Yaris Hybrid #132,Toyota,Yaris,Hybrid,29028,2015,30084,Electric,Manual,26,SW2,eBay,AutoMart London,Dec 2026,2026-06-21,58,£332 below similar listings,/images/cars/toyota-yaris.jpg,https://example.invalid/listing/132
133,Audi A3 TDI Sport #133,Audi,A3,TDI Sport,29407,2016,30221,Petrol,Automatic,33,SW3,Dealer Site,City Motors,Dec 2026,2026-06-22,59,£333 below similar listings,/images/cars/audi-a3.jpg,https://example.invalid/listing/133
134,Nissan Leaf Tekna #134,Nissan,Leaf,Tekna,29786,2017,30358,Diesel,Manual,40,SW4,Local Garage,Premium Cars Ltd,Dec 2026,2026-06-23,60,£334 below similar listings,/images/cars/nissan-leaf.jpg,https://example.invalid/listing/134
135,Honda Civic i-VTEC #135,Honda,Civic,i-VTEC,30165,2018,30495,Hybrid,Automatic,47,SW5,Partner Dealer,Green Drive Motors,Dec 2026,2026-06-24,61,£335 below similar listings,/images/cars/honda-civic.jpg,https://example.invalid/listing/135
136,Mazda 3 SE-L #136,Mazda,3,SE-L,30544,2019,30632,Electric,Manual,54,SW6,eBay,Direct Autos,Dec 2026,2026-06-25,62,£336 below similar listings,/images/cars/mazda-3.jpg,https://example.invalid/listing/136
137,Volkswagen Golf 1.5 TSI #137,Volkswagen,Golf,1.5 TSI,30923,2020,30769,Petrol,Automatic,61,SW7,Dealer Site,EV Specialists,Dec 2026,2026-06-26,63,£337 below similar listings,/images/cars/vw-golf.jpg,https://example.invalid/listing/137
138,Ford Fiesta Titanium #138,Ford,Fiesta,Titanium,5302,2021,30906,Diesel,Manual,68,SW8,Local Garage,AutoMart London,Dec 2026,2026-06-27,64,£338 below similar listings,/images/cars/ford-fiesta.jpg,https://example.invalid/listing/138
139,BMW 118i Sport #139,BMW,118i,Sport,5681,2022,31043,Hybrid,Automatic,75,SW9,Partner Dealer,City Motors,Dec 2026,2026-06-28,65,£339 below similar listings,/images/cars/bmw-1-series.jpg,https://example.invalid/listing/139
140,Toyota Yaris Hybrid #140,Toyota,Yaris,Hybrid,6060,2023,31180,Electric,Manual,82,SW10,eBay,Premium Cars Ltd,Dec 2026,2026-06-01,66,£340 below similar listings,/images/cars/toyota-yaris.jpg,https://example.invalid/listing/140
141,Audi A3 TDI Sport #141,Audi,A3,TDI Sport,6439,2024,31317,Petrol,Automatic,89,SW11,Dealer Site,Green Drive Motors,Dec 2026,2026-06-02,67,£341 below similar listings,/images/cars/audi-a3.jpg,https://example.invalid/listing/141
142,Nissan Leaf Tekna #142,Nissan,Leaf,Tekna,6818,2025,31454,Diesel,Manual,96,SW12,Local Garage,Direct Autos,Dec 2026,2026-06-03,68,£342 below similar listings,/images/cars/nissan-leaf.jpg,https://example.invalid/listing/142
143,Honda Civic i-VTEC #143,Honda,Civic,i-VTEC,7197,2015,31591,Hybrid,Automatic,103,SW13,Partner Dealer,EV Specialists,Dec 2026,2026-06-04,69,£343 below similar listings,/images/cars/honda-civic.jpg,https://example.invalid/listing/143
144,Mazda 3 SE-L #144,Mazda,3,SE-L,7576,2016,31728,Electric,Manual,110,SW14,eBay,AutoMart London,Dec 2026,2026-06-05,70,£344 below similar listings,/images/cars/mazda-3.jpg,https://example.invalid/listing/144
145,Volkswagen Golf 1.5 TSI #145,Volkswagen,Golf,1.5 TSI,7955,2017,31865,Petrol,Automatic,117,SW15,Dealer Site,City Motors,Dec 2026,2026-06-06,71,£345 below similar listings,/images/cars/vw-golf.jpg,https://example.invalid/listing/145
146,Ford Fiesta Titanium #146,Ford,Fiesta,Titanium,8334,2018,32002,Diesel,Manual,124,SW16,Local Garage,Premium Cars Ltd,Dec 2026,2026-06-07,72,£346 below similar listings,/images/cars/ford-fiesta.jpg,https://example.invalid/listing/146
147,BMW 118i Sport #147,BMW,118i,Sport,8713,2019,32139,Hybrid,Automatic,131,SW17,Partner Dealer,Green Drive Motors,Dec 2026,2026-06-08,73,£347 below similar listings,/images/cars/bmw-1-series.jpg,https://example.invalid/listing/147
148,Toyota Yaris Hybrid #148,Toyota,Yaris,Hybrid,9092,2020,32276,Electric,Manual,138,SW18,eBay,Direct Autos,Dec 2026,2026-06-09,74,£348 below similar listings,/images/cars/toyota-yaris.jpg,https://example.invalid/listing/148
149,Audi A3 TDI Sport #149,Audi,A3,TDI Sport,9471,2021,32413,Petrol,Automatic,145,SW19,Dealer Site,EV Specialists,Dec 2026,2026-06-10,75,£349 below similar listings,/images/cars/audi-a3.jpg,https://example.invalid/listing/149
150,Nissan Leaf Tekna #150,Nissan,Leaf,Tekna,9850,2022,32550,Diesel,Manual,2,SW0,Local Garage,AutoMart London,Dec 2026,2026-06-11,76,£350 below similar listings,/images/cars/nissan-leaf.jpg,https://example.invalid/listing/150
151,Honda Civic i-VTEC #151,Honda,Civic,i-VTEC,10229,2023,32687,Hybrid,Automatic,9,SW1,Partner Dealer,City Motors,Dec 2026,2026-06-12,77,£351 below similar listings,/images/cars/honda-civic.jpg,https://example.invalid/listing/151
152,Mazda 3 SE-L #152,Mazda,3,SE-L,10608,2024,32824,Electric,Manual,16,SW2,eBay,Premium Cars Ltd,Dec 2026,2026-06-13,78,£352 below similar listings,/images/cars/mazda-3.jpg,https://example.invalid/listing/152
153,Volkswagen Golf 1.5 TSI #153,Volkswagen,Golf,1.5 TSI,10987,2025,32961,Petrol,Automatic,23,SW3,Dealer Site,Green Drive Motors,Dec 2026,2026-06-14,79,£353 below similar listings,/images/cars/vw-golf.jpg,https://example.invalid/listing/153
154,Ford Fiesta Titanium #154,Ford,Fiesta,Titanium,11366,2015,33098,Diesel,Manual,30,SW4,Local Garage,Direct Autos,Dec 2026,2026-06-15,80,£354 below similar listings,/images/cars/ford-fiesta.jpg,https://example.invalid/listing/154
155,BMW 118i Sport #155,BMW,118i,Sport,11745,2016,33235,Hybrid,Automatic,37,SW5,Partner Dealer,EV Specialists,Dec 2026,2026-06-16,81,£355 below similar listings,/images/cars/bmw-1-series.jpg,https://example.invalid/listing/155
156,Toyota Yaris Hybrid #156,Toyota,Yaris,Hybrid,12124,2017,33372,Electric,Manual,44,SW6,eBay,AutoMart London,Dec 2026,2026-06-17,82,£356 below similar listings,/images/cars/toyota-yaris.jpg,https://example.invalid/listing/156
157,Audi A3 TDI Sport #157,Audi,A3,TDI Sport,12503,2018,33509,Petrol,Automatic,51,SW7,Dealer Site,City Motors,Dec 2026,2026-06-18,83,£357 below similar listings,/images/cars/audi-a3.jpg,https://example.invalid/listing/157
158,Nissan Leaf Tekna #158,Nissan,Leaf,Tekna,12882,2019,33646,Diesel,Manual,58,SW8,Local Garage,Premium Cars Ltd,Dec 2026,2026-06-19,84,£358 below similar listings,/images/cars/nissan-leaf.jpg,https://example.invalid/listing/158
159,Honda Civic i-VTEC #159,Honda,Civic,i-VTEC,13261,2020,33783,Hybrid,Automatic,65,SW9,Partner Dealer,Green Drive Motors,Dec 2026,2026-06-20,85,£359 below similar listings,/images/cars/honda-civic.jpg,https://example.invalid/listing/159
160,Mazda 3 SE-L #160,Mazda,3,SE-L,13640,2021,33920,Electric,Manual,72,SW10,eBay,Direct Autos,Dec 2026,2026-06-21,86,£360 below similar listings,/images/cars/mazda-3.jpg,https://example.invalid/listing/160
161,Volkswagen Golf 1.5 TSI #161,Volkswagen,Golf,1.5 TSI,14019,2022,34057,Petrol,Automatic,79,SW11,Dealer Site,EV Specialists,Dec 2026,2026-06-22,87,£361 below similar listings,/images/cars/vw-golf.jpg,https://example.invalid/listing/161
162,Ford Fiesta Titanium #162,Ford,Fiesta,Titanium,14398,2023,34194,Diesel,Manual,86,SW12,Local Garage,AutoMart London,Dec 2026,2026-06-23,88,£362 below similar listings,/images/cars/ford-fiesta.jpg,https://example.invalid/listing/162
163,BMW 118i Sport #163,BMW,118i,Sport,14777,2024,34331,Hybrid,Automatic,93,SW13,Partner Dealer,City Motors,Dec 2026,2026-06-24,89,£363 below similar listings,/images/cars/bmw-1-series.jpg,https://example.invalid/listing/163
164,Toyota Yaris Hybrid #164,Toyota,Yaris,Hybrid,15156,2025,34468,Electric,Manual,100,SW14,eBay,Premium Cars Ltd,Dec 2026,2026-06-25,90,£364 below similar listings,/images/cars/toyota-yaris.jpg,https://example.invalid/listing/164
165,Audi A3 TDI Sport #165,Audi,A3,TDI Sport,15535,2015,34605,Petrol,Automatic,107,SW15,Dealer Site,Green Drive Motors,Dec 2026,2026-06-26,91,£365 below similar listings,/images/cars/audi-a3.jpg,https://example.invalid/listing/165
166,Nissan Leaf Tekna #166,Nissan,Leaf,Tekna,15914,2016,34742,Diesel,Manual,114,SW16,Local Garage,Direct Autos,Dec 2026,2026-06-27,92,£366 below similar listings,/images/cars/nissan-leaf.jpg,https://example.invalid/listing/166
167,Honda Civic i-VTEC #167,Honda,Civic,i-VTEC,16293,2017,34879,Hybrid,Automatic,121,SW17,Partner Dealer,EV Specialists,Dec 2026,2026-06-28,93,£367 below similar listings,/images/cars/honda-civic.jpg,https://example.invalid/listing/167
168,Mazda 3 SE-L #168,Mazda,3,SE-L,16672,2018,35016,Electric,Manual,128,SW18,eBay,AutoMart London,Dec 2026,2026-06-01,94,£368 below similar listings,/images/cars/mazda-3.jpg,https://example.invalid/listing/168
169,Volkswagen Golf 1.5 TSI #169,Volkswagen,Golf,1.5 TSI,17051,2019,35153,Petrol,Automatic,135,SW19,Dealer Site,City Motors,Dec 2026,2026-06-02,95,£369 below similar listings,/images/cars/vw-golf.jpg,https://example.invalid/listing/169
170,Ford Fiesta Titanium #170,Ford,Fiesta,Titanium,17430,2020,35290,Diesel,Manual,142,SW0,Local Garage,Premium Cars Ltd,Dec 2026,2026-06-03,96,£370 below similar listings,/images/cars/ford-fiesta.jpg,https://example.invalid/listing/170
171,BMW 118i Sport #171,BMW,118i,Sport,17809,2021,35427,Hybrid,Automatic,149,SW1,Partner Dealer,Green Drive Motors,Dec 2026,2026-06-04,97,£371 below similar listings,/images/cars/bmw-1-series.jpg,https://example.invalid/listing/171
172,Toyota Yaris Hybrid #172,Toyota,Yaris,Hybrid,18188,2022,35564,Electric,Manual,6,SW2,eBay,Direct Autos,Dec 2026,2026-06-05,55,£372 below similar listings,/images/cars/toyota-yaris.jpg,https://example.invalid/listing/172
173,Audi A3 TDI Sport #173,Audi,A3,TDI Sport,18567,2023,35701,Petrol,Automatic,13,SW3,Dealer Site,EV Specialists,Dec 2026,2026-06-06,56,£373 below similar listings,/images/cars/audi-a3.jpg,https://example.invalid/listing/173
174,Nissan Leaf Tekna #174,Nissan,Leaf,Tekna,18946,2024,35838,Diesel,Manual,20,SW4,Local Garage,AutoMart London,Dec 2026,2026-06-07,57,£374 below similar listings,/images/cars/nissan-leaf.jpg,https://example.invalid/listing/174
175,Honda Civic i-VTEC #175,Honda,Civic,i-VTEC,19325,2025,35975,Hybrid,Automatic,27,SW5,Partner Dealer,City Motors,Dec 2026,2026-06-08,58,£375 below similar listings,/images/cars/honda-civic.jpg,https://example.invalid/listing/175
176,Mazda 3 SE-L #176,Mazda,3,SE-L,19704,2015,36112,Electric,Manual,34,SW6,eBay,Premium Cars Ltd,Dec 2026,2026-06-09,59,£376 below similar listings,/images/cars/mazda-3.jpg,https://example.invalid/listing/176
177,Volkswagen Golf 1.5 TSI #177,Volkswagen,Golf,1.5 TSI,20083,2016,36249,Petrol,Automatic,41,SW7,Dealer Site,Green Drive Motors,Dec 2026,2026-06-10,60,£377 below similar listings,/images/cars/vw-golf.jpg,https://example.invalid/listing/177
178,Ford Fiesta Titanium #178,Ford,Fiesta,Titanium,20462,2017,36386,Diesel,Manual,48,SW8,Local Garage,Direct Autos,Dec 2026,2026-06-11,61,£378 below similar listings,/images/cars/ford-fiesta.jpg,https://example.invalid/listing/178
179,BMW 118i Sport #179,BMW,118i,Sport,20841,2018,36523,Hybrid,Automatic,55,SW9,Partner Dealer,EV Specialists,Dec 2026,2026-06-12,62,£379 below similar listings,/images/cars/bmw-1-series.jpg,https://example.invalid/listing/179
180,Toyota Yaris Hybrid #180,Toyota,Yaris,Hybrid,21220,2019,36660,Electric,Manual,62,SW10,eBay,AutoMart London,Dec 2026,2026-06-13,63,£380 below similar listings,/images/cars/toyota-yaris.jpg,https://example.invalid/listing/180
181,Audi A3 TDI Sport #181,Audi,A3,TDI Sport,21599,2020,36797,Petrol,Automatic,69,SW11,Dealer Site,City Motors,Dec 2026,2026-06-14,64,£381 below similar listings,/images/cars/audi-a3.jpg,https://example.invalid/listing/181
182,Nissan Leaf Tekna #182,Nissan,Leaf,Tekna,21978,2021,36934,Diesel,Manual,76,SW12,Local Garage,Premium Cars Ltd,Dec 2026,2026-06-15,65,£382 below similar listings,/images/cars/nissan-leaf.jpg,https://example.invalid/listing/182
183,Honda Civic i-VTEC #183,Honda,Civic,i-VTEC,22357,2022,37071,Hybrid,Automatic,83,SW13,Partner Dealer,Green Drive Motors,Dec 2026,2026-06-16,66,£383 below similar listings,/images/cars/honda-civic.jpg,https://example.invalid/listing/183
184,Mazda 3 SE-L #184,Mazda,3,SE-L,22736,2023,37208,Electric,Manual,90,SW14,eBay,Direct Autos,Dec 2026,2026-06-17,67,£384 below similar listings,/images/cars/mazda-3.jpg,https://example.invalid/listing/184
185,Volkswagen Golf 1.5 TSI #185,Volkswagen,Golf,1.5 TSI,23115,2024,37345,Petrol,Automatic,97,SW15,Dealer Site,EV Specialists,Dec 2026,2026-06-18,68,£385 below similar listings,/images/cars/vw-golf.jpg,https://example.invalid/listing/185
186,Ford Fiesta Titanium #186,Ford,Fiesta,Titanium,23494,2025,37482,Diesel,Manual,104,SW16,Local Garage,AutoMart London,Dec 2026,2026-06-19,69,£386 below similar listings,/images/cars/ford-fiesta.jpg,https://example.invalid/listing/186
187,BMW 118i Sport #187,BMW,118i,Sport,23873,2015,37619,Hybrid,Automatic,111,SW17,Partner Dealer,City Motors,Dec 2026,2026-06-20,70,£387 below similar listings,/images/cars/bmw-1-series.jpg,https://example.invalid/listing/187
188,Toyota Yaris Hybrid #188,Toyota,Yaris,Hybrid,24252,2016,37756,Electric,Manual,118,SW18,eBay,Premium Cars Ltd,Dec 2026,2026-06-21,71,£388 below similar listings,/images/cars/toyota-yaris.jpg,https://example.invalid/listing/188
189,Audi A3 TDI Sport #189,Audi,A3,TDI Sport,24631,2017,37893,Petrol,Automatic,125,SW19,Dealer Site,Green Drive Motors,Dec 2026,2026-06-22,72,£389 below similar listings,/images/cars/audi-a3.jpg,https://example.invalid/listing/189
190,Nissan Leaf Tekna #190,Nissan,Leaf,Tekna,25010,2018,38030,Diesel,Manual,132,SW0,Local Garage,Direct Autos,Dec 2026,2026-06-23,73,£390 below similar listings,/images/cars/nissan-leaf.jpg,https://example.invalid/listing/190
191,Honda Civic i-VTEC #191,Honda,Civic,i-VTEC,25389,2019,38167,Hybrid,Automatic,139,SW1,Partner Dealer,EV Specialists,Dec 2026,2026-06-24,74,£391 below similar listings,/images/cars/honda-civic.jpg,https://example.invalid/listing/191
192,Mazda 3 SE-L #192,Mazda,3,SE-L,25768,2020,38304,Electric,Manual,146,SW2,eBay,AutoMart London,Dec 2026,2026-06-25,75,£392 below similar listings,/images/cars/mazda-3.jpg,https://example.invalid/listing/192
193,Volkswagen Golf 1.5 TSI #193,Volkswagen,Golf,1.5 TSI,26147,2021,38441,Petrol,Automatic,3,SW3,Dealer Site,City Motors,Dec 2026,2026-06-26,76,£393 below similar listings,/images/cars/vw-golf.jpg,https://example.invalid/listing/193
194,Ford Fiesta Titanium #194,Ford,Fiesta,Titanium,26526,2022,38578,Diesel,Manual,10,SW4,Local Garage,Premium Cars Ltd,Dec 2026,2026-06-27,77,£394 below similar listings,/images/cars/ford-fiesta.jpg,https://example.invalid/listing/194
195,BMW 118i Sport #195,BMW,118i,Sport,26905,2023,38715,Hybrid,Automatic,17,SW5,Partner Dealer,Green Drive Motors,Dec 2026,2026-06-28,78,£395 below similar listings,/images/cars/bmw-1-series.jpg,https://example.invalid/listing/195
196,Toyota Yaris Hybrid #196,Toyota,Yaris,Hybrid,27284,2024,38852,Electric,Manual,24,SW6,eBay,Direct Autos,Dec 2026,2026-06-01,79,£396 below similar listings,/images/cars/toyota-yaris.jpg,https://example.invalid/listing/196
197,Audi A3 TDI Sport #197,Audi,A3,TDI Sport,27663,2025,38989,Petrol,Automatic,31,SW7,Dealer Site,EV Specialists,Dec 2026,2026-06-02,80,£397 below similar listings,/images/cars/audi-a3.jpg,https://example.invalid/listing/197
198,Nissan Leaf Tekna #198,Nissan,Leaf,Tekna,28042,2015,39126,Diesel,Manual,38,SW8,Local Garage,AutoMart London,Dec 2026,2026-06-03,81,£398 below similar listings,/images/cars/nissan-leaf.jpg,https://example.invalid/listing/198
199,Honda Civic i-VTEC #199,Honda,Civic,i-VTEC,28421,2016,39263,Hybrid,Automatic,45,SW9,Partner Dealer,City Motors,Dec 2026,2026-06-04,82,£399 below similar listings,/images/cars/honda-civic.jpg,https://example.invalid/listing/199
200,Mazda 3 SE-L #200,Mazda,3,SE-L,28800,2017,39400,Electric,Manual,52,SW10,eBay,Premium Cars Ltd,Dec 2026,2026-06-05,83,£400 below similar listings,/images/cars/mazda-3.jpg,https://example.invalid/listing/200
201,Volkswagen Golf 1.5 TSI #201,Volkswagen,Golf,1.5 TSI,29179,2018,39537,Petrol,Automatic,59,SW11,Dealer Site,Green Drive Motors,Dec 2026,2026-06-06,84,£401 below similar listings,/images/cars/vw-golf.jpg,https://example.invalid/listing/201
202,Ford Fiesta Titanium #202,Ford,Fiesta,Titanium,29558,2019,39674,Diesel,Manual,66,SW12,Local Garage,Direct Autos,Dec 2026,2026-06-07,85,£402 below similar listings,/images/cars/ford-fiesta.jpg,https://example.invalid/listing/202
203,BMW 118i Sport #203,BMW,118i,Sport,29937,2020,39811,Hybrid,Automatic,73,SW13,Partner Dealer,EV Specialists,Dec 2026,2026-06-08,86,£403 below similar listings,/images/cars/bmw-1-series.jpg,https://example.invalid/listing/203
204,Toyota Yaris Hybrid #204,Toyota,Yaris,Hybrid,30316,2021,39948,Electric,Manual,80,SW14,eBay,AutoMart London,Dec 2026,2026-06-09,87,£404 below similar listings,/images/cars/toyota-yaris.jpg,https://example.invalid/listing/204
205,Audi A3 TDI Sport #205,Audi,A3,TDI Sport,30695,2022,40085,Petrol,Automatic,87,SW15,Dealer Site,City Motors,Dec 2026,2026-06-10,88,£405 below similar listings,/images/cars/audi-a3.jpg,https://example.invalid/listing/205
206,Nissan Leaf Tekna #206,Nissan,Leaf,Tekna,5074,2023,40222,Diesel,Manual,94,SW16,Local Garage,Premium Cars Ltd,Dec 2026,2026-06-11,89,£406 below similar listings,/images/cars/nissan-leaf.jpg,https://example.invalid/listing/206
207,Honda Civic i-VTEC #207,Honda,Civic,i-VTEC,5453,2024,40359,Hybrid,Automatic,101,SW17,Partner Dealer,Green Drive Motors,Dec 2026,2026-06-12,90,£407 below similar listings,/images/cars/honda-civic.jpg,https://example.invalid/listing/207
208,Mazda 3 SE-L #208,Mazda,3,SE-L,5832,2025,40496,Electric,Manual,108,SW18,eBay,Direct Autos,Dec 2026,2026-06-13,91,£408 below similar listings,/images/cars/mazda-3.jpg,https://example.invalid/listing/208
209,Volkswagen Golf 1.5 TSI #209,Volkswagen,Golf,1.5 TSI,6211,2015,40633,Petrol,Automatic,115,SW19,Dealer Site,EV Specialists,Dec 2026,2026-06-14,92,£409 below similar listings,/images/cars/vw-golf.jpg,https://example.invalid/listing/209
210,Ford Fiesta Titanium #210,Ford,Fiesta,Titanium,6590,2016,40770,Diesel,Manual,122,SW0,Local Garage,AutoMart London,Dec 2026,2026-06-15,93,£410 below similar listings,/images/cars/ford-fiesta.jpg,https://example.invalid/listing/210
211,BMW 118i Sport #211,BMW,118i,Sport,6969,2017,40907,Hybrid,Automatic,129,SW1,Partner Dealer,City Motors,Dec 2026,2026-06-16,94,£411 below similar listings,/images/cars/bmw-1-series.jpg,https://example.invalid/listing/211
212,Toyota Yaris Hybrid #212,Toyota,Yaris,Hybrid,7348,2018,41044,Electric,Manual,136,SW2,eBay,Premium Cars Ltd,Dec 2026,2026-06-17,95,£412 below similar listings,/images/cars/toyota-yaris.jpg,https://example.invalid/listing/212
213,Audi A3 TDI Sport #213,Audi,A3,TDI Sport,7727,2019,41181,Petrol,Automatic,143,SW3,Dealer Site,Green Drive Motors,Dec 2026,2026-06-18,96,£413 below similar listings,/images/cars/audi-a3.jpg,https://example.invalid/listing/213
214,Nissan Leaf Tekna #214,Nissan,Leaf,Tekna,8106,2020,41318,Diesel,Manual,150,SW4,Local Garage,Direct Autos,Dec 2026,2026-06-19,97,£414 below similar listings,/images/cars/nissan-leaf.jpg,https://example.invalid/listing/214
215,Honda Civic i-VTEC #215,Honda,Civic,i-VTEC,8485,2021,41455,Hybrid,Automatic,7,SW5,Partner Dealer,EV Specialists,Dec 2026,2026-06-20,55,£415 below similar listings,/images/cars/honda-civic.jpg,https://example.invalid/listing/215
216,Mazda 3 SE-L #216,Mazda,3,SE-L,8864,2022,41592,Electric,Manual,14,SW6,eBay,AutoMart London,Dec 2026,2026-06-21,56,£416 below similar listings,/images/cars/mazda-3.jpg,https://example.invalid/listing/216
217,Volkswagen Golf 1.5 TSI #217,Volkswagen,Golf,1.5 TSI,9243,2023,41729,Petrol,Automatic,21,SW7,Dealer Site,City Motors,Dec 2026,2026-06-22,57,£417 below similar listings,/images/cars/vw-golf.jpg,https://example.invalid/listing/217
218,Ford Fiesta Titanium #218,Ford,Fiesta,Titanium,9622,2024,41866,Diesel,Manual,28,SW8,Local Garage,Premium Cars Ltd,Dec 2026,2026-06-23,58,£418 below similar listings,/images/cars/ford-fiesta.jpg,https://example.invalid/listing/218
219,BMW 118i Sport #219,BMW,118i,Sport,10001,2025,42003,Hybrid,Automatic,35,SW9,Partner Dealer,Green Drive Motors,Dec 2026,2026-06-24,59,£419 below similar listings,/images/cars/bmw-1-series.jpg,https://example.invalid/listing/219
220,Toyota Yaris Hybrid #220,Toyota,Yaris,Hybrid,10380,2015,42140,Electric,Manual,42,SW10,eBay,Direct Autos,Dec 2026,2026-06-25,60,£420 below similar listings,/images/cars/toyota-yaris.jpg,https://example.invalid/listing/220
221,Audi A3 TDI Sport #221,Audi,A3,TDI Sport,10759,2016,42277,Petrol,Automatic,49,SW11,Dealer Site,EV Specialists,Dec 2026,2026-06-26,61,£421 below similar listings,/images/cars/audi-a3.jpg,https://example.invalid/listing/221
222,Nissan Leaf Tekna #222,Nissan,Leaf,Tekna,11138,2017,42414,Diesel,Manual,56,SW12,Local Garage,AutoMart London,Dec 2026,2026-06-27,62,£422 below similar listings,/images/cars/nissan-leaf.jpg,https://example.invalid/listing/222
223,Honda Civic i-VTEC #223,Honda,Civic,i-VTEC,11517,2018,42551,Hybrid,Automatic,63,SW13,Partner Dealer,City Motors,Dec 2026,2026-06-28,63,£423 below similar listings,/images/cars/honda-civic.jpg,https://example.invalid/listing/223
224,Mazda 3 SE-L #224,Mazda,3,SE-L,11896,2019,42688,Electric,Manual,70,SW14,eBay,Premium Cars Ltd,Dec 2026,2026-06-01,64,£424 below similar listings,/images/cars/mazda-3.jpg,https://example.invalid/listing/224
225,Volkswagen Golf 1.5 TSI #225,Volkswagen,Golf,1.5 TSI,12275,2020,42825,Petrol,Automatic,77,SW15,Dealer Site,Green Drive Motors,Dec 2026,2026-06-02,65,£425 below similar listings,/images/cars/vw-golf.jpg,https://example.invalid/listing/225
226,Ford Fiesta Titanium #226,Ford,Fiesta,Titanium,12654,2021,42962,Diesel,Manual,84,SW16,Local Garage,Direct Autos,Dec 2026,2026-06-03,66,£426 below similar listings,/images/cars/ford-fiesta.jpg,https://example.invalid/listing/226
227,BMW 118i Sport #227,BMW,118i,Sport,13033,2022,43099,Hybrid,Automatic,91,SW17,Partner Dealer,EV Specialists,Dec 2026,2026-06-04,67,£427 below similar listings,/images/cars/bmw-1-series.jpg,https://example.invalid/listing/227
228,Toyota Yaris Hybrid #228,Toyota,Yaris,Hybrid,13412,2023,43236,Electric,Manual,98,SW18,eBay,AutoMart London,Dec 2026,2026-06-05,68,£428 below similar listings,/images/cars/toyota-yaris.jpg,https://example.invalid/listing/228
229,Audi A3 TDI Sport #229,Audi,A3,TDI Sport,13791,2024,43373,Petrol,Automatic,105,SW19,Dealer Site,City Motors,Dec 2026,2026-06-06,69,£429 below similar listings,/images/cars/audi-a3.jpg,https://example.invalid/listing/229
230,Nissan Leaf Tekna #230,Nissan,Leaf,Tekna,14170,2025,43510,Diesel,Manual,112,SW0,Local Garage,Premium Cars Ltd,Dec 2026,2026-06-07,70,£430 below similar listings,/images/cars/nissan-leaf.jpg,https://example.invalid/listing/230
231,Honda Civic i-VTEC #231,Honda,Civic,i-VTEC,14549,2015,43647,Hybrid,Automatic,119,SW1,Partner Dealer,Green Drive Motors,Dec 2026,2026-06-08,71,£431 below similar listings,/images/cars/honda-civic.jpg,https://example.invalid/listing/231
232,Mazda 3 SE-L #232,Mazda,3,SE-L,14928,2016,43784,Electric,Manual,126,SW2,eBay,Direct Autos,Dec 2026,2026-06-09,72,£432 below similar listings,/images/cars/mazda-3.jpg,https://example.invalid/listing/232
233,Volkswagen Golf 1.5 TSI #233,Volkswagen,Golf,1.5 TSI,15307,2017,43921,Petrol,Automatic,133,SW3,Dealer Site,EV Specialists,Dec 2026,2026-06-10,73,£433 below similar listings,/images/cars/vw-golf.jpg,https://example.invalid/listing/233
234,Ford Fiesta Titanium #234,Ford,Fiesta,Titanium,15686,2018,44058,Diesel,Manual,140,SW4,Local Garage,AutoMart London,Dec 2026,2026-06-11,74,£434 below similar listings,/images/cars/ford-fiesta.jpg,https://example.invalid/listing/234
235,BMW 118i Sport #235,BMW,118i,Sport,16065,2019,44195,Hybrid,Automatic,147,SW5,Partner Dealer,City Motors,Dec 2026,2026-06-12,75,£435 below similar listings,/images/cars/bmw-1-series.jpg,https://example.invalid/listing/235
236,Toyota Yaris Hybrid #236,Toyota,Yaris,Hybrid,16444,2020,44332,Electric,Manual,4,SW6,eBay,Premium Cars Ltd,Dec 2026,2026-06-13,76,£436 below similar listings,/images/cars/toyota-yaris.jpg,https://example.invalid/listing/236
237,Audi A3 TDI Sport #237,Audi,A3,TDI Sport,16823,2021,44469,Petrol,Automatic,11,SW7,Dealer Site,Green Drive Motors,Dec 2026,2026-06-14,77,£437 below similar listings,/images/cars/audi-a3.jpg,https://example.invalid/listing/237
238,Nissan Leaf Tekna #238,Nissan,Leaf,Tekna,17202,2022,44606,Diesel,Manual,18,SW8,Local Garage,Direct Autos,Dec 2026,2026-06-15,78,£438 below similar listings,/images/cars/nissan-leaf.jpg,https://example.invalid/listing/238
239,Honda Civic i-VTEC #239,Honda,Civic,i-VTEC,17581,2023,44743,Hybrid,Automatic,25,SW9,Partner Dealer,EV Specialists,Dec 2026,2026-06-16,79,£439 below similar listings,/images/cars/honda-civic.jpg,https://example.invalid/listing/239
240,Mazda 3 SE-L #240,Mazda,3,SE-L,17960,2024,44880,Electric,Manual,32,SW10,eBay,AutoMart London,Dec 2026,2026-06-17,80,£440 below similar listings,/images/cars/mazda-3.jpg,https://example.invalid/listing/240
241,Volkswagen Golf 1.5 TSI #241,Volkswagen,Golf,1.5 TSI,18339,2025,45017,Petrol,Automatic,39,SW11,Dealer Site,City Motors,Dec 2026,2026-06-18,81,£441 below similar listings,/images/cars/vw-golf.jpg,https://example.invalid/listing/241
242,Ford Fiesta Titanium #242,Ford,Fiesta,Titanium,18718,2015,45154,Diesel,Manual,46,SW12,Local Garage,Premium Cars Ltd,Dec 2026,2026-06-19,82,£442 below similar listings,/images/cars/ford-fiesta.jpg,https://example.invalid/listing/242
243,BMW 118i Sport #243,BMW,118i,Sport,19097,2016,45291,Hybrid,Automatic,53,SW13,Partner Dealer,Green Drive Motors,Dec 2026,2026-06-20,83,£443 below similar listings,/images/cars/bmw-1-series.jpg,https://example.invalid/listing/243
244,Toyota Yaris Hybrid #244,Toyota,Yaris,Hybrid,19476,2017,45428,Electric,Manual,60,SW14,eBay,Direct Autos,Dec 2026,2026-06-21,84,£444 below similar listings,/images/cars/toyota-yaris.jpg,https://example.invalid/listing/244
245,Audi A3 TDI Sport #245,Audi,A3,TDI Sport,19855,2018,45565,Petrol,Automatic,67,SW15,Dealer Site,EV Specialists,Dec 2026,2026-06-22,85,£445 below similar listings,/images/cars/audi-a3.jpg,https://example.invalid/listing/245
246,Nissan Leaf Tekna #246,Nissan,Leaf,Tekna,20234,2019,45702,Diesel,Manual,74,SW16,Local Garage,AutoMart London,Dec 2026,2026-06-23,86,£446 below similar listings,/images/cars/nissan-leaf.jpg,https://example.invalid/listing/246
247,Honda Civic i-VTEC #247,Honda,Civic,i-VTEC,20613,2020,45839,Hybrid,Automatic,81,SW17,Partner Dealer,City Motors,Dec 2026,2026-06-24,87,£447 below similar listings,/images/cars/honda-civic.jpg,https://example.invalid/listing/247
248,Mazda 3 SE-L #248,Mazda,3,SE-L,20992,2021,45976,Electric,Manual,88,SW18,eBay,Premium Cars Ltd,Dec 2026,2026-06-25,88,£448 below similar listings,/images/cars/mazda-3.jpg,https://example.invalid/listing/248
249,Volkswagen Golf 1.5 TSI #249,Volkswagen,Golf,1.5 TSI,21371,2022,46113,Petrol,Automatic,95,SW19,Dealer Site,Green Drive Motors,Dec 2026,2026-06-26,89,£449 below similar listings,/images/cars/vw-golf.jpg,https://example.invalid/listing/249
250,Ford Fiesta Titanium #250,Ford,Fiesta,Titanium,21750,2023,46250,Diesel,Manual,102,SW0,Local Garage,Direct Autos,Dec 2026,2026-06-27,90,£450 below similar listings,/images/cars/ford-fiesta.jpg,https://example.invalid/listing/250
251,BMW 118i Sport #251,BMW,118i,Sport,22129,2024,46387,Hybrid,Automatic,109,SW1,Partner Dealer,EV Specialists,Dec 2026,2026-06-28,91,£451 below similar listings,/images/cars/bmw-1-series.jpg,https://example.invalid/listing/251
252,Toyota Yaris Hybrid #252,Toyota,Yaris,Hybrid,22508,2025,46524,Electric,Manual,116,SW2,eBay,AutoMart London,Dec 2026,2026-06-01,92,£452 below similar listings,/images/cars/toyota-yaris.jpg,https://example.invalid/listing/252
253,Audi A3 TDI Sport #253,Audi,A3,TDI Sport,22887,2015,46661,Petrol,Automatic,123,SW3,Dealer Site,City Motors,Dec 2026,2026-06-02,93,£453 below similar listings,/images/cars/audi-a3.jpg,https://example.invalid/listing/253
254,Nissan Leaf Tekna #254,Nissan,Leaf,Tekna,23266,2016,46798,Diesel,Manual,130,SW4,Local Garage,Premium Cars Ltd,Dec 2026,2026-06-03,94,£454 below similar listings,/images/cars/nissan-leaf.jpg,https://example.invalid/listing/254
255,Honda Civic i-VTEC #255,Honda,Civic,i-VTEC,23645,2017,46935,Hybrid,Automatic,137,SW5,Partner Dealer,Green Drive Motors,Dec 2026,2026-06-04,95,£455 below similar listings,/images/cars/honda-civic.jpg,https://example.invalid/listing/255
256,Mazda 3 SE-L #256,Mazda,3,SE-L,24024,2018,47072,Electric,Manual,144,SW6,eBay,Direct Autos,Dec 2026,2026-06-05,96,£456 below similar listings,/images/cars/mazda-3.jpg,https://example.invalid/listing/256
257,Volkswagen Golf 1.5 TSI #257,Volkswagen,Golf,1.5 TSI,24403,2019,47209,Petrol,Automatic,151,SW7,Dealer Site,EV Specialists,Dec 2026,2026-06-06,97,£457 below similar listings,/images/cars/vw-golf.jpg,https://example.invalid/listing/257
258,Ford Fiesta Titanium #258,Ford,Fiesta,Titanium,24782,2020,47346,Diesel,Manual,8,SW8,Local Garage,AutoMart London,Dec 2026,2026-06-07,55,£458 below similar listings,/images/cars/ford-fiesta.jpg,https://example.invalid/listing/258
259,BMW 118i Sport #259,BMW,118i,Sport,25161,2021,47483,Hybrid,Automatic,15,SW9,Partner Dealer,City Motors,Dec 2026,2026-06-08,56,£459 below similar listings,/images/cars/bmw-1-series.jpg,https://example.invalid/listing/259
260,Toyota Yaris Hybrid #260,Toyota,Yaris,Hybrid,25540,2022,47620,Electric,Manual,22,SW10,eBay,Premium Cars Ltd,Dec 2026,2026-06-09,57,£460 below similar listings,/images/cars/toyota-yaris.jpg,https://example.invalid/listing/260
261,Audi A3 TDI Sport #261,Audi,A3,TDI Sport,25919,2023,47757,Petrol,Automatic,29,SW11,Dealer Site,Green Drive Motors,Dec 2026,2026-06-10,58,£461 below similar listings,/images/cars/audi-a3.jpg,https://example.invalid/listing/261
262,Nissan Leaf Tekna #262,Nissan,Leaf,Tekna,26298,2024,47894,Diesel,Manual,36,SW12,Local Garage,Direct Autos,Dec 2026,2026-06-11,59,£462 below similar listings,/images/cars/nissan-leaf.jpg,https://example.invalid/listing/262
263,Honda Civic i-VTEC #263,Honda,Civic,i-VTEC,26677,2025,48031,Hybrid,Automatic,43,SW13,Partner Dealer,EV Specialists,Dec 2026,2026-06-12,60,£463 below similar listings,/images/cars/honda-civic.jpg,https://example.invalid/listing/263
264,Mazda 3 SE-L #264,Mazda,3,SE-L,27056,2015,48168,Electric,Manual,50,SW14,eBay,AutoMart London,Dec 2026,2026-06-13,61,£464 below similar listings,/images/cars/mazda-3.jpg,https://example.invalid/listing/264
265,Volkswagen Golf 1.5 TSI #265,Volkswagen,Golf,1.5 TSI,27435,2016,48305,Petrol,Automatic,57,SW15,Dealer Site,City Motors,Dec 2026,2026-06-14,62,£465 below similar listings,/images/cars/vw-golf.jpg,https://example.invalid/listing/265
266,Ford Fiesta Titanium #266,Ford,Fiesta,Titanium,27814,2017,48442,Diesel,Manual,64,SW16,Local Garage,Premium Cars Ltd,Dec 2026,2026-06-15,63,£466 below similar listings,/images/cars/ford-fiesta.jpg,https://example.invalid/listing/266
267,BMW 118i Sport #267,BMW,118i,Sport,28193,2018,48579,Hybrid,Automatic,71,SW17,Partner Dealer,Green Drive Motors,Dec 2026,2026-06-16,64,£467 below similar listings,/images/cars/bmw-1-series.jpg,https://example.invalid/listing/267
268,Toyota Yaris Hybrid #268,Toyota,Yaris,Hybrid,28572,2019,48716,Electric,Manual,78,SW18,eBay,Direct Autos,Dec 2026,2026-06-17,65,£468 below similar listings,/images/cars/toyota-yaris.jpg,https://example.invalid/listing/268
269,Audi A3 TDI Sport #269,Audi,A3,TDI Sport,28951,2020,48853,Petrol,Automatic,85,SW19,Dealer Site,EV Specialists,Dec 2026,2026-06-18,66,£469 below similar listings,/images/cars/audi-a3.jpg,https://example.invalid/listing/269
270,Nissan Leaf Tekna #270,Nissan,Leaf,Tekna,29330,2021,48990,Diesel,Manual,92,SW0,Local Garage,AutoMart London,Dec 2026,2026-06-19,67,£470 below similar listings,/images/cars/nissan-leaf.jpg,https://example.invalid/listing/270
271,Honda Civic i-VTEC #271,Honda,Civic,i-VTEC,29709,2022,49127,Hybrid,Automatic,99,SW1,Partner Dealer,City Motors,Dec 2026,2026-06-20,68,£471 below similar listings,/images/cars/honda-civic.jpg,https://example.invalid/listing/271
272,Mazda 3 SE-L #272,Mazda,3,SE-L,30088,2023,49264,Electric,Manual,106,SW2,eBay,Premium Cars Ltd,Dec 2026,2026-06-21,69,£472 below similar listings,/images/cars/mazda-3.jpg,https://example.invalid/listing/272
273,Volkswagen Golf 1.5 TSI #273,Volkswagen,Golf,1.5 TSI,30467,2024,49401,Petrol,Automatic,113,SW3,Dealer Site,Green Drive Motors,Dec 2026,2026-06-22,70,£473 below similar listings,/images/cars/vw-golf.jpg,https://example.invalid/listing/273
274,Ford Fiesta Titanium #274,Ford,Fiesta,Titanium,30846,2025,49538,Diesel,Manual,120,SW4,Local Garage,Direct Autos,Dec 2026,2026-06-23,71,£474 below similar listings,/images/cars/ford-fiesta.jpg,https://example.invalid/listing/274
275,BMW 118i Sport #275,BMW,118i,Sport,5225,2015,49675,Hybrid,Automatic,127,SW5,Partner Dealer,EV Specialists,Dec 2026,2026-06-24,72,£475 below similar listings,/images/cars/bmw-1-series.jpg,https://example.invalid/listing/275
276,Toyota Yaris Hybrid #276,Toyota,Yaris,Hybrid,5604,2016,49812,Electric,Manual,134,SW6,eBay,AutoMart London,Dec 2026,2026-06-25,73,£476 below similar listings,/images/cars/toyota-yaris.jpg,https://example.invalid/listing/276
277,Audi A3 TDI Sport #277,Audi,A3,TDI Sport,5983,2017,49949,Petrol,Automatic,141,SW7,Dealer Site,City Motors,Dec 2026,2026-06-26,74,£477 below similar listings,/images/cars/audi-a3.jpg,https://example.invalid/listing/277
278,Nissan Leaf Tekna #278,Nissan,Leaf,Tekna,6362,2018,50086,Diesel,Manual,148,SW8,Local Garage,Premium Cars Ltd,Dec 2026,2026-06-27,75,£478 below similar listings,/images/cars/nissan-leaf.jpg,https://example.invalid/listing/278
279,Honda Civic i-VTEC #279,Honda,Civic,i-VTEC,6741,2019,50223,Hybrid,Automatic,5,SW9,Partner Dealer,Green Drive Motors,Dec 2026,2026-06-28,76,£479 below similar listings,/images/cars/honda-civic.jpg,https://example.invalid/listing/279
280,Mazda 3 SE-L #280,Mazda,3,SE-L,7120,2020,50360,Electric,Manual,12,SW10,eBay,Direct Autos,Dec 2026,2026-06-01,77,£480 below similar listings,/images/cars/mazda-3.jpg,https://example.invalid/listing/280
281,Volkswagen Golf 1.5 TSI #281,Volkswagen,Golf,1.5 TSI,7499,2021,50497,Petrol,Automatic,19,SW11,Dealer Site,EV Specialists,Dec 2026,2026-06-02,78,£481 below similar listings,/images/cars/vw-golf.jpg,https://example.invalid/listing/281
282,Ford Fiesta Titanium #282,Ford,Fiesta,Titanium,7878,2022,50634,Diesel,Manual,26,SW12,Local Garage,AutoMart London,Dec 2026,2026-06-03,79,£482 below similar listings,/images/cars/ford-fiesta.jpg,https://example.invalid/listing/282
283,BMW 118i Sport #283,BMW,118i,Sport,8257,2023,50771,Hybrid,Automatic,33,SW13,Partner Dealer,City Motors,Dec 2026,2026-06-04,80,£483 below similar listings,/images/cars/bmw-1-series.jpg,https://example.invalid/listing/283
284,Toyota Yaris Hybrid #284,Toyota,Yaris,Hybrid,8636,2024,50908,Electric,Manual,40,SW14,eBay,Premium Cars Ltd,Dec 2026,2026-06-05,81,£484 below similar listings,/images/cars/toyota-yaris.jpg,https://example.invalid/listing/284
285,Audi A3 TDI Sport #285,Audi,A3,TDI Sport,9015,2025,51045,Petrol,Automatic,47,SW15,Dealer Site,Green Drive Motors,Dec 2026,2026-06-06,82,£485 below similar listings,/images/cars/audi-a3.jpg,https://example.invalid/listing/285
286,Nissan Leaf Tekna #286,Nissan,Leaf,Tekna,9394,2015,51182,Diesel,Manual,54,SW16,Local Garage,Direct Autos,Dec 2026,2026-06-07,83,£486 below similar listings,/images/cars/nissan-leaf.jpg,https://example.invalid/listing/286
287,Honda Civic i-VTEC #287,Honda,Civic,i-VTEC,9773,2016,51319,Hybrid,Automatic,61,SW17,Partner Dealer,EV Specialists,Dec 2026,2026-06-08,84,£487 below similar listings,/images/cars/honda-civic.jpg,https://example.invalid/listing/287
288,Mazda 3 SE-L #288,Mazda,3,SE-L,10152,2017,51456,Electric,Manual,68,SW18,eBay,AutoMart London,Dec 2026,2026-06-09,85,£488 below similar listings,/images/cars/mazda-3.jpg,https://example.invalid/listing/288
289,Volkswagen Golf 1.5 TSI #289,Volkswagen,Golf,1.5 TSI,10531,2018,51593,Petrol,Automatic,75,SW19,Dealer Site,City Motors,Dec 2026,2026-06-10,86,£489 below similar listings,/images/cars/vw-golf.jpg,https://example.invalid/listing/289
290,Ford Fiesta Titanium #290,Ford,Fiesta,Titanium,10910,2019,51730,Diesel,Manual,82,SW0,Local Garage,Premium Cars Ltd,Dec 2026,2026-06-11,87,£490 below similar listings,/images/cars/ford-fiesta.jpg,https://example.invalid/listing/290
291,BMW 118i Sport #291,BMW,118i,Sport,11289,2020,51867,Hybrid,Automatic,89,SW1,Partner Dealer,Green Drive Motors,Dec 2026,2026-06-12,88,£491 below similar listings,/images/cars/bmw-1-series.jpg,https://example.invalid/listing/291
292,Toyota Yaris Hybrid #292,Toyota,Yaris,Hybrid,11668,2021,52004,Electric,Manual,96,SW2,eBay,Direct Autos,Dec 2026,2026-06-13,89,£492 below similar listings,/images/cars/toyota-yaris.jpg,https://example.invalid/listing/292
293,Audi A3 TDI Sport #293,Audi,A3,TDI Sport,12047,2022,52141,Petrol,Automatic,103,SW3,Dealer Site,EV Specialists,Dec 2026,2026-06-14,90,£493 below similar listings,/images/cars/audi-a3.jpg,https://example.invalid/listing/293
294,Nissan Leaf Tekna #294,Nissan,Leaf,Tekna,12426,2023,52278,Diesel,Manual,110,SW4,Local Garage,AutoMart London,Dec 2026,2026-06-15,91,£494 below similar listings,/images/cars/nissan-leaf.jpg,https://example.invalid/listing/294
295,Honda Civic i-VTEC #295,Honda,Civic,i-VTEC,12805,2024,52415,Hybrid,Automatic,117,SW5,Partner Dealer,City Motors,Dec 2026,2026-06-16,92,£495 below similar listings,/images/cars/honda-civic.jpg,https://example.invalid/listing/295
296,Mazda 3 SE-L #296,Mazda,3,SE-L,13184,2025,52552,Electric,Manual,124,SW6,eBay,Premium Cars Ltd,Dec 2026,2026-06-17,93,£496 below similar listings,/images/cars/mazda-3.jpg,https://example.invalid/listing/296
297,Volkswagen Golf 1.5 TSI #297,Volkswagen,Golf,1.5 TSI,13563,2015,52689,Petrol,Automatic,131,SW7,Dealer Site,Green Drive Motors,Dec 2026,2026-06-18,94,£497 below similar listings,/images/cars/vw-golf.jpg,https://example.invalid/listing/297
298,Ford Fiesta Titanium #298,Ford,Fiesta,Titanium,13942,2016,52826,Diesel,Manual,138,SW8,Local Garage,Direct Autos,Dec 2026,2026-06-19,95,£498 below similar listings,/images/cars/ford-fiesta.jpg,https://example.invalid/listing/298
299,BMW 118i Sport #299,BMW,118i,Sport,14321,2017,52963,Hybrid,Automatic,145,SW9,Partner Dealer,EV Specialists,Dec 2026,2026-06-20,96,£499 below similar listings,/images/cars/bmw-1-series.jpg,https://example.invalid/listing/299
300,Toyota Yaris Hybrid #300,Toyota,Yaris,Hybrid,14700,2018,53100,Electric,Manual,2,SW10,eBay,AutoMart London,Dec 2026,2026-06-21,97,£500 below similar listings,/images/cars/toyota-yaris.jpg,https://example.invalid/listing/300
301,Audi A3 TDI Sport #301,Audi,A3,TDI Sport,15079,2019,53237,Petrol,Automatic,9,SW11,Dealer Site,City Motors,Dec 2026,2026-06-22,55,£501 below similar listings,/images/cars/audi-a3.jpg,https://example.invalid/listing/301
302,Nissan Leaf Tekna #302,Nissan,Leaf,Tekna,15458,2020,53374,Diesel,Manual,16,SW12,Local Garage,Premium Cars Ltd,Dec 2026,2026-06-23,56,£502 below similar listings,/images/cars/nissan-leaf.jpg,https://example.invalid/listing/302
303,Honda Civic i-VTEC #303,Honda,Civic,i-VTEC,15837,2021,53511,Hybrid,Automatic,23,SW13,Partner Dealer,Green Drive Motors,Dec 2026,2026-06-24,57,£503 below similar listings,/images/cars/honda-civic.jpg,https://example.invalid/listing/303
304,Mazda 3 SE-L #304,Mazda,3,SE-L,16216,2022,53648,Electric,Manual,30,SW14,eBay,Direct Autos,Dec 2026,2026-06-25,58,£504 below similar listings,/images/cars/mazda-3.jpg,https://example.invalid/listing/304
305,Volkswagen Golf 1.5 TSI #305,Volkswagen,Golf,1.5 TSI,16595,2023,53785,Petrol,Automatic,37,SW15,Dealer Site,EV Specialists,Dec 2026,2026-06-26,59,£505 below similar listings,/images/cars/vw-golf.jpg,https://example.invalid/listing/305
306,Ford Fiesta Titanium #306,Ford,Fiesta,Titanium,16974,2024,53922,Diesel,Manual,44,SW16,Local Garage,AutoMart London,Dec 2026,2026-06-27,60,£506 below similar listings,/images/cars/ford-fiesta.jpg,https://example.invalid/listing/306
307,BMW 118i Sport #307,BMW,118i,Sport,17353,2025,54059,Hybrid,Automatic,51,SW17,Partner Dealer,City Motors,Dec 2026,2026-06-28,61,£507 below similar listings,/images/cars/bmw-1-series.jpg,https://example.invalid/listing/307
308,Toyota Yaris Hybrid #308,Toyota,Yaris,Hybrid,17732,2015,54196,Electric,Manual,58,SW18,eBay,Premium Cars Ltd,Dec 2026,2026-06-01,62,£508 below similar listings,/images/cars/toyota-yaris.jpg,https://example.invalid/listing/308
309,Audi A3 TDI Sport #309,Audi,A3,TDI Sport,18111,2016,54333,Petrol,Automatic,65,SW19,Dealer Site,Green Drive Motors,Dec 2026,2026-06-02,63,£509 below similar listings,/images/cars/audi-a3.jpg,https://example.invalid/listing/309
310,Nissan Leaf Tekna #310,Nissan,Leaf,Tekna,18490,2017,54470,Diesel,Manual,72,SW0,Local Garage,Direct Autos,Dec 2026,2026-06-03,64,£510 below similar listings,/images/cars/nissan-leaf.jpg,https://example.invalid/listing/310
311,Honda Civic i-VTEC #311,Honda,Civic,i-VTEC,18869,2018,54607,Hybrid,Automatic,79,SW1,Partner Dealer,EV Specialists,Dec 2026,2026-06-04,65,£511 below similar listings,/images/cars/honda-civic.jpg,https://example.invalid/listing/311
312,Mazda 3 SE-L #312,Mazda,3,SE-L,19248,2019,54744,Electric,Manual,86,SW2,eBay,AutoMart London,Dec 2026,2026-06-05,66,£512 below similar listings,/images/cars/mazda-3.jpg,https://example.invalid/listing/312
313,Volkswagen Golf 1.5 TSI #313,Volkswagen,Golf,1.5 TSI,19627,2020,54881,Petrol,Automatic,93,SW3,Dealer Site,City Motors,Dec 2026,2026-06-06,67,£513 below similar listings,/images/cars/vw-golf.jpg,https://example.invalid/listing/313
314,Ford Fiesta Titanium #314,Ford,Fiesta,Titanium,20006,2021,55018,Diesel,Manual,100,SW4,Local Garage,Premium Cars Ltd,Dec 2026,2026-06-07,68,£514 below similar listings,/images/cars/ford-fiesta.jpg,https://example.invalid/listing/314
315,BMW 118i Sport #315,BMW,118i,Sport,20385,2022,55155,Hybrid,Automatic,107,SW5,Partner Dealer,Green Drive Motors,Dec 2026,2026-06-08,69,£515 below similar listings,/images/cars/bmw-1-series.jpg,https://example.invalid/listing/315
316,Toyota Yaris Hybrid #316,Toyota,Yaris,Hybrid,20764,2023,55292,Electric,Manual,114,SW6,eBay,Direct Autos,Dec 2026,2026-06-09,70,£516 below similar listings,/images/cars/toyota-yaris.jpg,https://example.invalid/listing/316
317,Audi A3 TDI Sport #317,Audi,A3,TDI Sport,21143,2024,55429,Petrol,Automatic,121,SW7,Dealer Site,EV Specialists,Dec 2026,2026-06-10,71,£517 below similar listings,/images/cars/audi-a3.jpg,https://example.invalid/listing/317
318,Nissan Leaf Tekna #318,Nissan,Leaf,Tekna,21522,2025,55566,Diesel,Manual,128,SW8,Local Garage,AutoMart London,Dec 2026,2026-06-11,72,£518 below similar listings,/images/cars/nissan-leaf.jpg,https://example.invalid/listing/318
319,Honda Civic i-VTEC #319,Honda,Civic,i-VTEC,21901,2015,55703,Hybrid,Automatic,135,SW9,Partner Dealer,City Motors,Dec 2026,2026-06-12,73,£519 below similar listings,/images/cars/honda-civic.jpg,https://example.invalid/listing/319
320,Mazda 3 SE-L #320,Mazda,3,SE-L,22280,2016,55840,Electric,Manual,142,SW10,eBay,Premium Cars Ltd,Dec 2026,2026-06-13,74,£520 below similar listings,/images/cars/mazda-3.jpg,https://example.invalid/listing/320
321,Volkswagen Golf 1.5 TSI #321,Volkswagen,Golf,1.5 TSI,22659,2017,55977,Petrol,Automatic,149,SW11,Dealer Site,Green Drive Motors,Dec 2026,2026-06-14,75,£521 below similar listings,/images/cars/vw-golf.jpg,https://example.invalid/listing/321
322,Ford Fiesta Titanium #322,Ford,Fiesta,Titanium,23038,2018,56114,Diesel,Manual,6,SW12,Local Garage,Direct Autos,Dec 2026,2026-06-15,76,£522 below similar listings,/images/cars/ford-fiesta.jpg,https://example.invalid/listing/322
323,BMW 118i Sport #323,BMW,118i,Sport,23417,2019,56251,Hybrid,Automatic,13,SW13,Partner Dealer,EV Specialists,Dec 2026,2026-06-16,77,£523 below similar listings,/images/cars/bmw-1-series.jpg,https://example.invalid/listing/323
324,Toyota Yaris Hybrid #324,Toyota,Yaris,Hybrid,23796,2020,56388,Electric,Manual,20,SW14,eBay,AutoMart London,Dec 2026,2026-06-17,78,£524 below similar listings,/images/cars/toyota-yaris.jpg,https://example.invalid/listing/324
325,Audi A3 TDI Sport #325,Audi,A3,TDI Sport,24175,2021,56525,Petrol,Automatic,27,SW15,Dealer Site,City Motors,Dec 2026,2026-06-18,79,£525 below similar listings,/images/cars/audi-a3.jpg,https://example.invalid/listing/325
326,Nissan Leaf Tekna #326,Nissan,Leaf,Tekna,24554,2022,56662,Diesel,Manual,34,SW16,Local Garage,Premium Cars Ltd,Dec 2026,2026-06-19,80,£526 below similar listings,/images/cars/nissan-leaf.jpg,https://example.invalid/listing/326
327,Honda Civic i-VTEC #327,Honda,Civic,i-VTEC,24933,2023,56799,Hybrid,Automatic,41,SW17,Partner Dealer,Green Drive Motors,Dec 2026,2026-06-20,81,£527 below similar listings,/images/cars/honda-civic.jpg,https://example.invalid/listing/327
328,Mazda 3 SE-L #328,Mazda,3,SE-L,25312,2024,56936,Electric,Manual,48,SW18,eBay,Direct Autos,Dec 2026,2026-06-21,82,£528 below similar listings,/images/cars/mazda-3.jpg,https://example.invalid/listing/328
329,Volkswagen Golf 1.5 TSI #329,Volkswagen,Golf,1.5 TSI,25691,2025,57073,Petrol,Automatic,55,SW19,Dealer Site,EV Specialists,Dec 2026,2026-06-22,83,£529 below similar listings,/images/cars/vw-golf.jpg,https://example.invalid/listing/329
330,Ford Fiesta Titanium #330,Ford,Fiesta,Titanium,26070,2015,57210,Diesel,Manual,62,SW0,Local Garage,AutoMart London,Dec 2026,2026-06-23,84,£530 below similar listings,/images/cars/ford-fiesta.jpg,https://example.invalid/listing/330
331,BMW 118i Sport #331,BMW,118i,Sport,26449,2016,57347,Hybrid,Automatic,69,SW1,Partner Dealer,City Motors,Dec 2026,2026-06-24,85,£531 below similar listings,/images/cars/bmw-1-series.jpg,https://example.invalid/listing/331
332,Toyota Yaris Hybrid #332,Toyota,Yaris,Hybrid,26828,2017,57484,Electric,Manual,76,SW2,eBay,Premium Cars Ltd,Dec 2026,2026-06-25,86,£532 below similar listings,/images/cars/toyota-yaris.jpg,https://example.invalid/listing/332
333,Audi A3 TDI Sport #333,Audi,A3,TDI Sport,27207,2018,57621,Petrol,Automatic,83,SW3,Dealer Site,Green Drive Motors,Dec 2026,2026-06-26,87,£533 below similar listings,/images/cars/audi-a3.jpg,https://example.invalid/listing/333
334,Nissan Leaf Tekna #334,Nissan,Leaf,Tekna,27586,2019,57758,Diesel,Manual,90,SW4,Local Garage,Direct Autos,Dec 2026,2026-06-27,88,£534 below similar listings,/images/cars/nissan-leaf.jpg,https://example.invalid/listing/334
335,Honda Civic i-VTEC #335,Honda,Civic,i-VTEC,27965,2020,57895,Hybrid,Automatic,97,SW5,Partner Dealer,EV Specialists,Dec 2026,2026-06-28,89,£535 below similar listings,/images/cars/honda-civic.jpg,https://example.invalid/listing/335
336,Mazda 3 SE-L #336,Mazda,3,SE-L,28344,2021,58032,Electric,Manual,104,SW6,eBay,AutoMart London,Dec 2026,2026-06-01,90,£536 below similar listings,/images/cars/mazda-3.jpg,https://example.invalid/listing/336
337,Volkswagen Golf 1.5 TSI #337,Volkswagen,Golf,1.5 TSI,28723,2022,58169,Petrol,Automatic,111,SW7,Dealer Site,City Motors,Dec 2026,2026-06-02,91,£537 below similar listings,/images/cars/vw-golf.jpg,https://example.invalid/listing/337
338,Ford Fiesta Titanium #338,Ford,Fiesta,Titanium,29102,2023,58306,Diesel,Manual,118,SW8,Local Garage,Premium Cars Ltd,Dec 2026,2026-06-03,92,£538 below similar listings,/images/cars/ford-fiesta.jpg,https://example.invalid/listing/338
339,BMW 118i Sport #339,BMW,118i,Sport,29481,2024,58443,Hybrid,Automatic,125,SW9,Partner Dealer,Green Drive Motors,Dec 2026,2026-06-04,93,£539 below similar listings,/images/cars/bmw-1-series.jpg,https://example.invalid/listing/339
340,Toyota Yaris Hybrid #340,Toyota,Yaris,Hybrid,29860,2025,58580,Electric,Manual,132,SW10,eBay,Direct Autos,Dec 2026,2026-06-05,94,£540 below similar listings,/images/cars/toyota-yaris.jpg,https://example.invalid/listing/340
341,Audi A3 TDI Sport #341,Audi,A3,TDI Sport,30239,2015,58717,Petrol,Automatic,139,SW11,Dealer Site,EV Specialists,Dec 2026,2026-06-06,95,£541 below similar listings,/images/cars/audi-a3.jpg,https://example.invalid/listing/341
342,Nissan Leaf Tekna #342,Nissan,Leaf,Tekna,30618,2016,58854,Diesel,Manual,146,SW12,Local Garage,AutoMart London,Dec 2026,2026-06-07,96,£542 below similar listings,/images/cars/nissan-leaf.jpg,https://example.invalid/listing/342
343,Honda Civic i-VTEC #343,Honda,Civic,i-VTEC,30997,2017,58991,Hybrid,Automatic,3,SW13,Partner Dealer,City Motors,Dec 2026,2026-06-08,97,£543 below similar listings,/images/cars/honda-civic.jpg,https://example.invalid/listing/343
344,Mazda 3 SE-L #344,Mazda,3,SE-L,5376,2018,59128,Electric,Manual,10,SW14,eBay,Premium Cars Ltd,Dec 2026,2026-06-09,55,£544 below similar listings,/images/cars/mazda-3.jpg,https://example.invalid/listing/344
345,Volkswagen Golf 1.5 TSI #345,Volkswagen,Golf,1.5 TSI,5755,2019,59265,Petrol,Automatic,17,SW15,Dealer Site,Green Drive Motors,Dec 2026,2026-06-10,56,£545 below similar listings,/images/cars/vw-golf.jpg,https://example.invalid/listing/345
346,Ford Fiesta Titanium #346,Ford,Fiesta,Titanium,6134,2020,59402,Diesel,Manual,24,SW16,Local Garage,Direct Autos,Dec 2026,2026-06-11,57,£546 below similar listings,/images/cars/ford-fiesta.jpg,https://example.invalid/listing/346
347,BMW 118i Sport #347,BMW,118i,Sport,6513,2021,59539,Hybrid,Automatic,31,SW17,Partner Dealer,EV Specialists,Dec 2026,2026-06-12,58,£547 below similar listings,/images/cars/bmw-1-series.jpg,https://example.invalid/listing/347
348,Toyota Yaris Hybrid #348,Toyota,Yaris,Hybrid,6892,2022,59676,Electric,Manual,38,SW18,eBay,AutoMart London,Dec 2026,2026-06-13,59,£548 below similar listings,/images/cars/toyota-yaris.jpg,https://example.invalid/listing/348
349,Audi A3 TDI Sport #349,Audi,A3,TDI Sport,7271,2023,59813,Petrol,Automatic,45,SW19,Dealer Site,City Motors,Dec 2026,2026-06-14,60,£549 below similar listings,/images/cars/audi-a3.jpg,https://example.invalid/listing/349
350,Nissan Leaf Tekna #350,Nissan,Leaf,Tekna,7650,2024,59950,Diesel,Manual,52,SW0,Local Garage,Premium Cars Ltd,Dec 2026,2026-06-15,61,£550 below similar listings,/images/cars/nissan-leaf.jpg,https://example.invalid/listing/350
351,Honda Civic i-VTEC #351,Honda,Civic,i-VTEC,8029,2025,60087,Hybrid,Automatic,59,SW1,Partner Dealer,Green Drive Motors,Dec 2026,2026-06-16,62,£551 below similar listings,/images/cars/honda-civic.jpg,https://example.invalid/listing/351
352,Mazda 3 SE-L #352,Mazda,3,SE-L,8408,2015,60224,Electric,Manual,66,SW2,eBay,Direct Autos,Dec 2026,2026-06-17,63,£552 below similar listings,/images/cars/mazda-3.jpg,https://example.invalid/listing/352
353,Volkswagen Golf 1.5 TSI #353,Volkswagen,Golf,1.5 TSI,8787,2016,60361,Petrol,Automatic,73,SW3,Dealer Site,EV Specialists,Dec 2026,2026-06-18,64,£553 below similar listings,/images/cars/vw-golf.jpg,https://example.invalid/listing/353
354,Ford Fiesta Titanium #354,Ford,Fiesta,Titanium,9166,2017,60498,Diesel,Manual,80,SW4,Local Garage,AutoMart London,Dec 2026,2026-06-19,65,£554 below similar listings,/images/cars/ford-fiesta.jpg,https://example.invalid/listing/354
355,BMW 118i Sport #355,BMW,118i,Sport,9545,2018,60635,Hybrid,Automatic,87,SW5,Partner Dealer,City Motors,Dec 2026,2026-06-20,66,£555 below similar listings,/images/cars/bmw-1-series.jpg,https://example.invalid/listing/355
356,Toyota Yaris Hybrid #356,Toyota,Yaris,Hybrid,9924,2019,60772,Electric,Manual,94,SW6,eBay,Premium Cars Ltd,Dec 2026,2026-06-21,67,£556 below similar listings,/images/cars/toyota-yaris.jpg,https://example.invalid/listing/356
357,Audi A3 TDI Sport #357,Audi,A3,TDI Sport,10303,2020,60909,Petrol,Automatic,101,SW7,Dealer Site,Green Drive Motors,Dec 2026,2026-06-22,68,£557 below similar listings,/images/cars/audi-a3.jpg,https://example.invalid/listing/357
358,Nissan Leaf Tekna #358,Nissan,Leaf,Tekna,10682,2021,61046,Diesel,Manual,108,SW8,Local Garage,Direct Autos,Dec 2026,2026-06-23,69,£558 below similar listings,/images/cars/nissan-leaf.jpg,https://example.invalid/listing/358
359,Honda Civic i-VTEC #359,Honda,Civic,i-VTEC,11061,2022,61183,Hybrid,Automatic,115,SW9,Partner Dealer,EV Specialists,Dec 2026,2026-06-24,70,£559 below similar listings,/images/cars/honda-civic.jpg,https://example.invalid/listing/359
360,Mazda 3 SE-L #360,Mazda,3,SE-L,11440,2023,61320,Electric,Manual,122,SW10,eBay,AutoMart London,Dec 2026,2026-06-25,71,£560 below similar listings,/images/cars/mazda-3.jpg,https://example.invalid/listing/360
361,Volkswagen Golf 1.5 TSI #361,Volkswagen,Golf,1.5 TSI,11819,2024,61457,Petrol,Automatic,129,SW11,Dealer Site,City Motors,Dec 2026,2026-06-26,72,£561 below similar listings,/images/cars/vw-golf.jpg,https://example.invalid/listing/361
362,Ford Fiesta Titanium #362,Ford,Fiesta,Titanium,12198,2025,61594,Diesel,Manual,136,SW12,Local Garage,Premium Cars Ltd,Dec 2026,2026-06-27,73,£562 below similar listings,/images/cars/ford-fiesta.jpg,https://example.invalid/listing/362
363,BMW 118i Sport #363,BMW,118i,Sport,12577,2015,61731,Hybrid,Automatic,143,SW13,Partner Dealer,Green Drive Motors,Dec 2026,2026-06-28,74,£563 below similar listings,/images/cars/bmw-1-series.jpg,https://example.invalid/listing/363
364,Toyota Yaris Hybrid #364,Toyota,Yaris,Hybrid,12956,2016,61868,Electric,Manual,150,SW14,eBay,Direct Autos,Dec 2026,2026-06-01,75,£564 below similar listings,/images/cars/toyota-yaris.jpg,https://example.invalid/listing/364
365,Audi A3 TDI Sport #365,Audi,A3,TDI Sport,13335,2017,62005,Petrol,Automatic,7,SW15,Dealer Site,EV Specialists,Dec 2026,2026-06-02,76,£565 below similar listings,/images/cars/audi-a3.jpg,https://example.invalid/listing/365
366,Nissan Leaf Tekna #366,Nissan,Leaf,Tekna,13714,2018,62142,Diesel,Manual,14,SW16,Local Garage,AutoMart London,Dec 2026,2026-06-03,77,£566 below similar listings,/images/cars/nissan-leaf.jpg,https://example.invalid/listing/366
367,Honda Civic i-VTEC #367,Honda,Civic,i-VTEC,14093,2019,62279,Hybrid,Automatic,21,SW17,Partner Dealer,City Motors,Dec 2026,2026-06-04,78,£567 below similar listings,/images/cars/honda-civic.jpg,https://example.invalid/listing/367
368,Mazda 3 SE-L #368,Mazda,3,SE-L,14472,2020,62416,Electric,Manual,28,SW18,eBay,Premium Cars Ltd,Dec 2026,2026-06-05,79,£568 below similar listings,/images/cars/mazda-3.jpg,https://example.invalid/listing/368
369,Volkswagen Golf 1.5 TSI #369,Volkswagen,Golf,1.5 TSI,14851,2021,62553,Petrol,Automatic,35,SW19,Dealer Site,Green Drive Motors,Dec 2026,2026-06-06,80,£569 below similar listings,/images/cars/vw-golf.jpg,https://example.invalid/listing/369
370,Ford Fiesta Titanium #370,Ford,Fiesta,Titanium,15230,2022,62690,Diesel,Manual,42,SW0,Local Garage,Direct Autos,Dec 2026,2026-06-07,81,£570 below similar listings,/images/cars/ford-fiesta.jpg,https://example.invalid/listing/370
371,BMW 118i Sport #371,BMW,118i,Sport,15609,2023,62827,Hybrid,Automatic,49,SW1,Partner Dealer,EV Specialists,Dec 2026,2026-06-08,82,£571 below similar listings,/images/cars/bmw-1-series.jpg,https://example.invalid/listing/371
372,Toyota Yaris Hybrid #372,Toyota,Yaris,Hybrid,15988,2024,62964,Electric,Manual,56,SW2,eBay,AutoMart London,Dec 2026,2026-06-09,83,£572 below similar listings,/images/cars/toyota-yaris.jpg,https://example.invalid/listing/372
373,Audi A3 TDI Sport #373,Audi,A3,TDI Sport,16367,2025,63101,Petrol,Automatic,63,SW3,Dealer Site,City Motors,Dec 2026,2026-06-10,84,£573 below similar listings,/images/cars/audi-a3.jpg,https://example.invalid/listing/373
374,Nissan Leaf Tekna #374,Nissan,Leaf,Tekna,16746,2015,63238,Diesel,Manual,70,SW4,Local Garage,Premium Cars Ltd,Dec 2026,2026-06-11,85,£574 below similar listings,/images/cars/nissan-leaf.jpg,https://example.invalid/listing/374
375,Honda Civic i-VTEC #375,Honda,Civic,i-VTEC,17125,2016,63375,Hybrid,Automatic,77,SW5,Partner Dealer,Green Drive Motors,Dec 2026,2026-06-12,86,£575 below similar listings,/images/cars/honda-civic.jpg,https://example.invalid/listing/375
376,Mazda 3 SE-L #376,Mazda,3,SE-L,17504,2017,63512,Electric,Manual,84,SW6,eBay,Direct Autos,Dec 2026,2026-06-13,87,£576 below similar listings,/images/cars/mazda-3.jpg,https://example.invalid/listing/376
377,Volkswagen Golf 1.5 TSI #377,Volkswagen,Golf,1.5 TSI,17883,2018,63649,Petrol,Automatic,91,SW7,Dealer Site,EV Specialists,Dec 2026,2026-06-14,88,£577 below similar listings,/images/cars/vw-golf.jpg,https://example.invalid/listing/377
378,Ford Fiesta Titanium #378,Ford,Fiesta,Titanium,18262,2019,63786,Diesel,Manual,98,SW8,Local Garage,AutoMart London,Dec 2026,2026-06-15,89,£578 below similar listings,/images/cars/ford-fiesta.jpg,https://example.invalid/listing/378
379,BMW 118i Sport #379,BMW,118i,Sport,18641,2020,63923,Hybrid,Automatic,105,SW9,Partner Dealer,City Motors,Dec 2026,2026-06-16,90,£579 below similar listings,/images/cars/bmw-1-series.jpg,https://example.invalid/listing/379
380,Toyota Yaris Hybrid #380,Toyota,Yaris,Hybrid,19020,2021,64060,Electric,Manual,112,SW10,eBay,Premium Cars Ltd,Dec 2026,2026-06-17,91,£580 below similar listings,/images/cars/toyota-yaris.jpg,https://example.invalid/listing/380
381,Audi A3 TDI Sport #381,Audi,A3,TDI Sport,19399,2022,64197,Petrol,Automatic,119,SW11,Dealer Site,Green Drive Motors,Dec 2026,2026-06-18,92,£581 below similar listings,/images/cars/audi-a3.jpg,https://example.invalid/listing/381
382,Nissan Leaf Tekna #382,Nissan,Leaf,Tekna,19778,2023,64334,Diesel,Manual,126,SW12,Local Garage,Direct Autos,Dec 2026,2026-06-19,93,£582 below similar listings,/images/cars/nissan-leaf.jpg,https://example.invalid/listing/382
383,Honda Civic i-VTEC #383,Honda,Civic,i-VTEC,20157,2024,64471,Hybrid,Automatic,133,SW13,Partner Dealer,EV Specialists,Dec 2026,2026-06-20,94,£583 below similar listings,/images/cars/honda-civic.jpg,https://example.invalid/listing/383
384,Mazda 3 SE-L #384,Mazda,3,SE-L,20536,2025,64608,Electric,Manual,140,SW14,eBay,AutoMart London,Dec 2026,2026-06-21,95,£584 below similar listings,/images/cars/mazda-3.jpg,https://example.invalid/listing/384
385,Volkswagen Golf 1.5 TSI #385,Volkswagen,Golf,1.5 TSI,20915,2015,64745,Petrol,Automatic,147,SW15,Dealer Site,City Motors,Dec 2026,2026-06-22,96,£585 below similar listings,/images/cars/vw-golf.jpg,https://example.invalid/listing/385
386,Ford Fiesta Titanium #386,Ford,Fiesta,Titanium,21294,2016,64882,Diesel,Manual,4,SW16,Local Garage,Premium Cars Ltd,Dec 2026,2026-06-23,97,£586 below similar listings,/images/cars/ford-fiesta.jpg,https://example.invalid/listing/386
387,BMW 118i Sport #387,BMW,118i,Sport,21673,2017,65019,Hybrid,Automatic,11,SW17,Partner Dealer,Green Drive Motors,Dec 2026,2026-06-24,55,£587 below similar listings,/images/cars/bmw-1-series.jpg,https://example.invalid/listing/387
388,Toyota Yaris Hybrid #388,Toyota,Yaris,Hybrid,22052,2018,65156,Electric,Manual,18,SW18,eBay,Direct Autos,Dec 2026,2026-06-25,56,£588 below similar listings,/images/cars/toyota-yaris.jpg,https://example.invalid/listing/388
389,Audi A3 TDI Sport #389,Audi,A3,TDI Sport,22431,2019,65293,Petrol,Automatic,25,SW19,Dealer Site,EV Specialists,Dec 2026,2026-06-26,57,£589 below similar listings,/images/cars/audi-a3.jpg,https://example.invalid/listing/389
390,Nissan Leaf Tekna #390,Nissan,Leaf,Tekna,22810,2020,65430,Diesel,Manual,32,SW0,Local Garage,AutoMart London,Dec 2026,2026-06-27,58,£590 below similar listings,/images/cars/nissan-leaf.jpg,https://example.invalid/listing/390
391,Honda Civic i-VTEC #391,Honda,Civic,i-VTEC,23189,2021,65567,Hybrid,Automatic,39,SW1,Partner Dealer,City Motors,Dec 2026,2026-06-28,59,£591 below similar listings,/images/cars/honda-civic.jpg,https://example.invalid/listing/391
392,Mazda 3 SE-L #392,Mazda,3,SE-L,23568,2022,65704,Electric,Manual,46,SW2,eBay,Premium Cars Ltd,Dec 2026,2026-06-01,60,£592 below similar listings,/images/cars/mazda-3.jpg,https://example.invalid/listing/392
393,Volkswagen Golf 1.5 TSI #393,Volkswagen,Golf,1.5 TSI,23947,2023,65841,Petrol,Automatic,53,SW3,Dealer Site,Green Drive Motors,Dec 2026,2026-06-02,61,£593 below similar listings,/images/cars/vw-golf.jpg,https://example.invalid/listing/393
394,Ford Fiesta Titanium #394,Ford,Fiesta,Titanium,24326,2024,65978,Diesel,Manual,60,SW4,Local Garage,Direct Autos,Dec 2026,2026-06-03,62,£594 below similar listings,/images/cars/ford-fiesta.jpg,https://example.invalid/listing/394
395,BMW 118i Sport #395,BMW,118i,Sport,24705,2025,66115,Hybrid,Automatic,67,SW5,Partner Dealer,EV Specialists,Dec 2026,2026-06-04,63,£595 below similar listings,/images/cars/bmw-1-series.jpg,https://example.invalid/listing/395
396,Toyota Yaris Hybrid #396,Toyota,Yaris,Hybrid,25084,2015,66252,Electric,Manual,74,SW6,eBay,AutoMart London,Dec 2026,2026-06-05,64,£596 below similar listings,/images/cars/toyota-yaris.jpg,https://example.invalid/listing/396
397,Audi A3 TDI Sport #397,Audi,A3,TDI Sport,25463,2016,66389,Petrol,Automatic,81,SW7,Dealer Site,City Motors,Dec 2026,2026-06-06,65,£597 below similar listings,/images/cars/audi-a3.jpg,https://example.invalid/listing/397
398,Nissan Leaf Tekna #398,Nissan,Leaf,Tekna,25842,2017,66526,Diesel,Manual,88,SW8,Local Garage,Premium Cars Ltd,Dec 2026,2026-06-07,66,£598 below similar listings,/images/cars/nissan-leaf.jpg,https://example.invalid/listing/398
399,Honda Civic i-VTEC #399,Honda,Civic,i-VTEC,26221,2018,66663,Hybrid,Automatic,95,SW9,Partner Dealer,Green Drive Motors,Dec 2026,2026-06-08,67,£599 below similar listings,/images/cars/honda-civic.jpg,https://example.invalid/listing/399
400,Mazda 3 SE-L #400,Mazda,3,SE-L,26600,2019,66800,Electric,Manual,102,SW10,eBay,Direct Autos,Dec 2026,2026-06-09,68,£600 below similar listings,/images/cars/mazda-3.jpg,https://example.invalid/listing/400
401,Volkswagen Golf 1.5 TSI #401,Volkswagen,Golf,1.5 TSI,26979,2020,66937,Petrol,Automatic,109,SW11,Dealer Site,EV Specialists,Dec 2026,2026-06-10,69,£601 below similar listings,/images/cars/vw-golf.jpg,https://example.invalid/listing/401
402,Ford Fiesta Titanium #402,Ford,Fiesta,Titanium,27358,2021,67074,Diesel,Manual,116,SW12,Local Garage,AutoMart London,Dec 2026,2026-06-11,70,£602 below similar listings,/images/cars/ford-fiesta.jpg,https://example.invalid/listing/402
403,BMW 118i Sport #403,BMW,118i,Sport,27737,2022,67211,Hybrid,Automatic,123,SW13,Partner Dealer,City Motors,Dec 2026,2026-06-12,71,£603 below similar listings,/images/cars/bmw-1-series.jpg,https://example.invalid/listing/403
404,Toyota Yaris Hybrid #404,Toyota,Yaris,Hybrid,28116,2023,67348,Electric,Manual,130,SW14,eBay,Premium Cars Ltd,Dec 2026,2026-06-13,72,£604 below similar listings,/images/cars/toyota-yaris.jpg,https://example.invalid/listing/404
405,Audi A3 TDI Sport #405,Audi,A3,TDI Sport,28495,2024,67485,Petrol,Automatic,137,SW15,Dealer Site,Green Drive Motors,Dec 2026,2026-06-14,73,£605 below similar listings,/images/cars/audi-a3.jpg,https://example.invalid/listing/405
406,Nissan Leaf Tekna #406,Nissan,Leaf,Tekna,28874,2025,67622,Diesel,Manual,144,SW16,Local Garage,Direct Autos,Dec 2026,2026-06-15,74,£606 below similar listings,/images/cars/nissan-leaf.jpg,https://example.invalid/listing/406
407,Honda Civic i-VTEC #407,Honda,Civic,i-VTEC,29253,2015,67759,Hybrid,Automatic,151,SW17,Partner Dealer,EV Specialists,Dec 2026,2026-06-16,75,£607 below similar listings,/images/cars/honda-civic.jpg,https://example.invalid/listing/407
408,Mazda 3 SE-L #408,Mazda,3,SE-L,29632,2016,67896,Electric,Manual,8,SW18,eBay,AutoMart London,Dec 2026,2026-06-17,76,£608 below similar listings,/images/cars/mazda-3.jpg,https://example.invalid/listing/408
409,Volkswagen Golf 1.5 TSI #409,Volkswagen,Golf,1.5 TSI,30011,2017,68033,Petrol,Automatic,15,SW19,Dealer Site,City Motors,Dec 2026,2026-06-18,77,£609 below similar listings,/images/cars/vw-golf.jpg,https://example.invalid/listing/409
410,Ford Fiesta Titanium #410,Ford,Fiesta,Titanium,30390,2018,68170,Diesel,Manual,22,SW0,Local Garage,Premium Cars Ltd,Dec 2026,2026-06-19,78,£610 below similar listings,/images/cars/ford-fiesta.jpg,https://example.invalid/listing/410
411,BMW 118i Sport #411,BMW,118i,Sport,30769,2019,68307,Hybrid,Automatic,29,SW1,Partner Dealer,Green Drive Motors,Dec 2026,2026-06-20,79,£611 below similar listings,/images/cars/bmw-1-series.jpg,https://example.invalid/listing/411
412,Toyota Yaris Hybrid #412,Toyota,Yaris,Hybrid,5148,2020,68444,Electric,Manual,36,SW2,eBay,Direct Autos,Dec 2026,2026-06-21,80,£612 below similar listings,/images/cars/toyota-yaris.jpg,https://example.invalid/listing/412
413,Audi A3 TDI Sport #413,Audi,A3,TDI Sport,5527,2021,68581,Petrol,Automatic,43,SW3,Dealer Site,EV Specialists,Dec 2026,2026-06-22,81,£613 below similar listings,/images/cars/audi-a3.jpg,https://example.invalid/listing/413
414,Nissan Leaf Tekna #414,Nissan,Leaf,Tekna,5906,2022,68718,Diesel,Manual,50,SW4,Local Garage,AutoMart London,Dec 2026,2026-06-23,82,£614 below similar listings,/images/cars/nissan-leaf.jpg,https://example.invalid/listing/414
415,Honda Civic i-VTEC #415,Honda,Civic,i-VTEC,6285,2023,68855,Hybrid,Automatic,57,SW5,Partner Dealer,City Motors,Dec 2026,2026-06-24,83,£615 below similar listings,/images/cars/honda-civic.jpg,https://example.invalid/listing/415
416,Mazda 3 SE-L #416,Mazda,3,SE-L,6664,2024,68992,Electric,Manual,64,SW6,eBay,Premium Cars Ltd,Dec 2026,2026-06-25,84,£616 below similar listings,/images/cars/mazda-3.jpg,https://example.invalid/listing/416
417,Volkswagen Golf 1.5 TSI #417,Volkswagen,Golf,1.5 TSI,7043,2025,69129,Petrol,Automatic,71,SW7,Dealer Site,Green Drive Motors,Dec 2026,2026-06-26,85,£617 below similar listings,/images/cars/vw-golf.jpg,https://example.invalid/listing/417
418,Ford Fiesta Titanium #418,Ford,Fiesta,Titanium,7422,2015,69266,Diesel,Manual,78,SW8,Local Garage,Direct Autos,Dec 2026,2026-06-27,86,£618 below similar listings,/images/cars/ford-fiesta.jpg,https://example.invalid/listing/418
419,BMW 118i Sport #419,BMW,118i,Sport,7801,2016,69403,Hybrid,Automatic,85,SW9,Partner Dealer,EV Specialists,Dec 2026,2026-06-28,87,£619 below similar listings,/images/cars/bmw-1-series.jpg,https://example.invalid/listing/419
420,Toyota Yaris Hybrid #420,Toyota,Yaris,Hybrid,8180,2017,69540,Electric,Manual,92,SW10,eBay,AutoMart London,Dec 2026,2026-06-01,88,£620 below similar listings,/images/cars/toyota-yaris.jpg,https://example.invalid/listing/420
421,Audi A3 TDI Sport #421,Audi,A3,TDI Sport,8559,2018,69677,Petrol,Automatic,99,SW11,Dealer Site,City Motors,Dec 2026,2026-06-02,89,£621 below similar listings,/images/cars/audi-a3.jpg,https://example.invalid/listing/421
422,Nissan Leaf Tekna #422,Nissan,Leaf,Tekna,8938,2019,69814,Diesel,Manual,106,SW12,Local Garage,Premium Cars Ltd,Dec 2026,2026-06-03,90,£622 below similar listings,/images/cars/nissan-leaf.jpg,https://example.invalid/listing/422
423,Honda Civic i-VTEC #423,Honda,Civic,i-VTEC,9317,2020,69951,Hybrid,Automatic,113,SW13,Partner Dealer,Green Drive Motors,Dec 2026,2026-06-04,91,£623 below similar listings,/images/cars/honda-civic.jpg,https://example.invalid/listing/423
424,Mazda 3 SE-L #424,Mazda,3,SE-L,9696,2021,70088,Electric,Manual,120,SW14,eBay,Direct Autos,Dec 2026,2026-06-05,92,£624 below similar listings,/images/cars/mazda-3.jpg,https://example.invalid/listing/424
425,Volkswagen Golf 1.5 TSI #425,Volkswagen,Golf,1.5 TSI,10075,2022,70225,Petrol,Automatic,127,SW15,Dealer Site,EV Specialists,Dec 2026,2026-06-06,93,£625 below similar listings,/images/cars/vw-golf.jpg,https://example.invalid/listing/425
426,Ford Fiesta Titanium #426,Ford,Fiesta,Titanium,10454,2023,70362,Diesel,Manual,134,SW16,Local Garage,AutoMart London,Dec 2026,2026-06-07,94,£626 below similar listings,/images/cars/ford-fiesta.jpg,https://example.invalid/listing/426
427,BMW 118i Sport #427,BMW,118i,Sport,10833,2024,70499,Hybrid,Automatic,141,SW17,Partner Dealer,City Motors,Dec 2026,2026-06-08,95,£627 below similar listings,/images/cars/bmw-1-series.jpg,https://example.invalid/listing/427
428,Toyota Yaris Hybrid #428,Toyota,Yaris,Hybrid,11212,2025,70636,Electric,Manual,148,SW18,eBay,Premium Cars Ltd,Dec 2026,2026-06-09,96,£628 below similar listings,/images/cars/toyota-yaris.jpg,https://example.invalid/listing/428
429,Audi A3 TDI Sport #429,Audi,A3,TDI Sport,11591,2015,70773,Petrol,Automatic,5,SW19,Dealer Site,Green Drive Motors,Dec 2026,2026-06-10,97,£629 below similar listings,/images/cars/audi-a3.jpg,https://example.invalid/listing/429
430,Nissan Leaf Tekna #430,Nissan,Leaf,Tekna,11970,2016,70910,Diesel,Manual,12,SW0,Local Garage,Direct Autos,Dec 2026,2026-06-11,55,£630 below similar listings,/images/cars/nissan-leaf.jpg,https://example.invalid/listing/430
431,Honda Civic i-VTEC #431,Honda,Civic,i-VTEC,12349,2017,71047,Hybrid,Automatic,19,SW1,Partner Dealer,EV Specialists,Dec 2026,2026-06-12,56,£631 below similar listings,/images/cars/honda-civic.jpg,https://example.invalid/listing/431
432,Mazda 3 SE-L #432,Mazda,3,SE-L,12728,2018,71184,Electric,Manual,26,SW2,eBay,AutoMart London,Dec 2026,2026-06-13,57,£632 below similar listings,/images/cars/mazda-3.jpg,https://example.invalid/listing/432
433,Volkswagen Golf 1.5 TSI #433,Volkswagen,Golf,1.5 TSI,13107,2019,71321,Petrol,Automatic,33,SW3,Dealer Site,City Motors,Dec 2026,2026-06-14,58,£633 below similar listings,/images/cars/vw-golf.jpg,https://example.invalid/listing/433
434,Ford Fiesta Titanium #434,Ford,Fiesta,Titanium,13486,2020,71458,Diesel,Manual,40,SW4,Local Garage,Premium Cars Ltd,Dec 2026,2026-06-15,59,£634 below similar listings,/images/cars/ford-fiesta.jpg,https://example.invalid/listing/434
435,BMW 118i Sport #435,BMW,118i,Sport,13865,2021,71595,Hybrid,Automatic,47,SW5,Partner Dealer,Green Drive Motors,Dec 2026,2026-06-16,60,£635 below similar listings,/images/cars/bmw-1-series.jpg,https://example.invalid/listing/435
436,Toyota Yaris Hybrid #436,Toyota,Yaris,Hybrid,14244,2022,71732,Electric,Manual,54,SW6,eBay,Direct Autos,Dec 2026,2026-06-17,61,£636 below similar listings,/images/cars/toyota-yaris.jpg,https://example.invalid/listing/436
437,Audi A3 TDI Sport #437,Audi,A3,TDI Sport,14623,2023,71869,Petrol,Automatic,61,SW7,Dealer Site,EV Specialists,Dec 2026,2026-06-18,62,£637 below similar listings,/images/cars/audi-a3.jpg,https://example.invalid/listing/437
438,Nissan Leaf Tekna #438,Nissan,Leaf,Tekna,15002,2024,72006,Diesel,Manual,68,SW8,Local Garage,AutoMart London,Dec 2026,2026-06-19,63,£638 below similar listings,/images/cars/nissan-leaf.jpg,https://example.invalid/listing/438
439,Honda Civic i-VTEC #439,Honda,Civic,i-VTEC,15381,2025,72143,Hybrid,Automatic,75,SW9,Partner Dealer,City Motors,Dec 2026,2026-06-20,64,£639 below similar listings,/images/cars/honda-civic.jpg,https://example.invalid/listing/439
440,Mazda 3 SE-L #440,Mazda,3,SE-L,15760,2015,72280,Electric,Manual,82,SW10,eBay,Premium Cars Ltd,Dec 2026,2026-06-21,65,£640 below similar listings,/images/cars/mazda-3.jpg,https://example.invalid/listing/440
441,Volkswagen Golf 1.5 TSI #441,Volkswagen,Golf,1.5 TSI,16139,2016,72417,Petrol,Automatic,89,SW11,Dealer Site,Green Drive Motors,Dec 2026,2026-06-22,66,£641 below similar listings,/images/cars/vw-golf.jpg,https://example.invalid/listing/441
442,Ford Fiesta Titanium #442,Ford,Fiesta,Titanium,16518,2017,72554,Diesel,Manual,96,SW12,Local Garage,Direct Autos,Dec 2026,2026-06-23,67,£642 below similar listings,/images/cars/ford-fiesta.jpg,https://example.invalid/listing/442
443,BMW 118i Sport #443,BMW,118i,Sport,16897,2018,72691,Hybrid,Automatic,103,SW13,Partner Dealer,EV Specialists,Dec 2026,2026-06-24,68,£643 below similar listings,/images/cars/bmw-1-series.jpg,https://example.invalid/listing/443
444,Toyota Yaris Hybrid #444,Toyota,Yaris,Hybrid,17276,2019,72828,Electric,Manual,110,SW14,eBay,AutoMart London,Dec 2026,2026-06-25,69,£644 below similar listings,/images/cars/toyota-yaris.jpg,https://example.invalid/listing/444
445,Audi A3 TDI Sport #445,Audi,A3,TDI Sport,17655,2020,72965,Petrol,Automatic,117,SW15,Dealer Site,City Motors,Dec 2026,2026-06-26,70,£645 below similar listings,/images/cars/audi-a3.jpg,https://example.invalid/listing/445
446,Nissan Leaf Tekna #446,Nissan,Leaf,Tekna,18034,2021,73102,Diesel,Manual,124,SW16,Local Garage,Premium Cars Ltd,Dec 2026,2026-06-27,71,£646 below similar listings,/images/cars/nissan-leaf.jpg,https://example.invalid/listing/446
447,Honda Civic i-VTEC #447,Honda,Civic,i-VTEC,18413,2022,73239,Hybrid,Automatic,131,SW17,Partner Dealer,Green Drive Motors,Dec 2026,2026-06-28,72,£647 below similar listings,/images/cars/honda-civic.jpg,https://example.invalid/listing/447
448,Mazda 3 SE-L #448,Mazda,3,SE-L,18792,2023,73376,Electric,Manual,138,SW18,eBay,Direct Autos,Dec 2026,2026-06-01,73,£648 below similar listings,/images/cars/mazda-3.jpg,https://example.invalid/listing/448
449,Volkswagen Golf 1.5 TSI #449,Volkswagen,Golf,1.5 TSI,19171,2024,73513,Petrol,Automatic,145,SW19,Dealer Site,EV Specialists,Dec 2026,2026-06-02,74,£649 below similar listings,/images/cars/vw-golf.jpg,https://example.invalid/listing/449
450,Ford Fiesta Titanium #450,Ford,Fiesta,Titanium,19550,2025,73650,Diesel,Manual,2,SW0,Local Garage,AutoMart London,Dec 2026,2026-06-03,75,£650 below similar listings,/images/cars/ford-fiesta.jpg,https://example.invalid/listing/450
451,BMW 118i Sport #451,BMW,118i,Sport,19929,2015,73787,Hybrid,Automatic,9,SW1,Partner Dealer,City Motors,Dec 2026,2026-06-04,76,£651 below similar listings,/images/cars/bmw-1-series.jpg,https://example.invalid/listing/451
452,Toyota Yaris Hybrid #452,Toyota,Yaris,Hybrid,20308,2016,73924,Electric,Manual,16,SW2,eBay,Premium Cars Ltd,Dec 2026,2026-06-05,77,£652 below similar listings,/images/cars/toyota-yaris.jpg,https://example.invalid/listing/452
453,Audi A3 TDI Sport #453,Audi,A3,TDI Sport,20687,2017,74061,Petrol,Automatic,23,SW3,Dealer Site,Green Drive Motors,Dec 2026,2026-06-06,78,£653 below similar listings,/images/cars/audi-a3.jpg,https://example.invalid/listing/453
454,Nissan Leaf Tekna #454,Nissan,Leaf,Tekna,21066,2018,74198,Diesel,Manual,30,SW4,Local Garage,Direct Autos,Dec 2026,2026-06-07,79,£654 below similar listings,/images/cars/nissan-leaf.jpg,https://example.invalid/listing/454
455,Honda Civic i-VTEC #455,Honda,Civic,i-VTEC,21445,2019,74335,Hybrid,Automatic,37,SW5,Partner Dealer,EV Specialists,Dec 2026,2026-06-08,80,£655 below similar listings,/images/cars/honda-civic.jpg,https://example.invalid/listing/455
456,Mazda 3 SE-L #456,Mazda,3,SE-L,21824,2020,74472,Electric,Manual,44,SW6,eBay,AutoMart London,Dec 2026,2026-06-09,81,£656 below similar listings,/images/cars/mazda-3.jpg,https://example.invalid/listing/456
457,Volkswagen Golf 1.5 TSI #457,Volkswagen,Golf,1.5 TSI,22203,2021,74609,Petrol,Automatic,51,SW7,Dealer Site,City Motors,Dec 2026,2026-06-10,82,£657 below similar listings,/images/cars/vw-golf.jpg,https://example.invalid/listing/457
458,Ford Fiesta Titanium #458,Ford,Fiesta,Titanium,22582,2022,74746,Diesel,Manual,58,SW8,Local Garage,Premium Cars Ltd,Dec 2026,2026-06-11,83,£658 below similar listings,/images/cars/ford-fiesta.jpg,https://example.invalid/listing/458
459,BMW 118i Sport #459,BMW,118i,Sport,22961,2023,74883,Hybrid,Automatic,65,SW9,Partner Dealer,Green Drive Motors,Dec 2026,2026-06-12,84,£659 below similar listings,/images/cars/bmw-1-series.jpg,https://example.invalid/listing/459
460,Toyota Yaris Hybrid #460,Toyota,Yaris,Hybrid,23340,2024,75020,Electric,Manual,72,SW10,eBay,Direct Autos,Dec 2026,2026-06-13,85,£660 below similar listings,/images/cars/toyota-yaris.jpg,https://example.invalid/listing/460
461,Audi A3 TDI Sport #461,Audi,A3,TDI Sport,23719,2025,75157,Petrol,Automatic,79,SW11,Dealer Site,EV Specialists,Dec 2026,2026-06-14,86,£661 below similar listings,/images/cars/audi-a3.jpg,https://example.invalid/listing/461
462,Nissan Leaf Tekna #462,Nissan,Leaf,Tekna,24098,2015,75294,Diesel,Manual,86,SW12,Local Garage,AutoMart London,Dec 2026,2026-06-15,87,£662 below similar listings,/images/cars/nissan-leaf.jpg,https://example.invalid/listing/462
463,Honda Civic i-VTEC #463,Honda,Civic,i-VTEC,24477,2016,75431,Hybrid,Automatic,93,SW13,Partner Dealer,City Motors,Dec 2026,2026-06-16,88,£663 below similar listings,/images/cars/honda-civic.jpg,https://example.invalid/listing/463
464,Mazda 3 SE-L #464,Mazda,3,SE-L,24856,2017,75568,Electric,Manual,100,SW14,eBay,Premium Cars Ltd,Dec 2026,2026-06-17,89,£664 below similar listings,/images/cars/mazda-3.jpg,https://example.invalid/listing/464
465,Volkswagen Golf 1.5 TSI #465,Volkswagen,Golf,1.5 TSI,25235,2018,75705,Petrol,Automatic,107,SW15,Dealer Site,Green Drive Motors,Dec 2026,2026-06-18,90,£665 below similar listings,/images/cars/vw-golf.jpg,https://example.invalid/listing/465
466,Ford Fiesta Titanium #466,Ford,Fiesta,Titanium,25614,2019,75842,Diesel,Manual,114,SW16,Local Garage,Direct Autos,Dec 2026,2026-06-19,91,£666 below similar listings,/images/cars/ford-fiesta.jpg,https://example.invalid/listing/466
467,BMW 118i Sport #467,BMW,118i,Sport,25993,2020,75979,Hybrid,Automatic,121,SW17,Partner Dealer,EV Specialists,Dec 2026,2026-06-20,92,£667 below similar listings,/images/cars/bmw-1-series.jpg,https://example.invalid/listing/467
468,Toyota Yaris Hybrid #468,Toyota,Yaris,Hybrid,26372,2021,76116,Electric,Manual,128,SW18,eBay,AutoMart London,Dec 2026,2026-06-21,93,£668 below similar listings,/images/cars/toyota-yaris.jpg,https://example.invalid/listing/468
469,Audi A3 TDI Sport #469,Audi,A3,TDI Sport,26751,2022,76253,Petrol,Automatic,135,SW19,Dealer Site,City Motors,Dec 2026,2026-06-22,94,£669 below similar listings,/images/cars/audi-a3.jpg,https://example.invalid/listing/469
470,Nissan Leaf Tekna #470,Nissan,Leaf,Tekna,27130,2023,76390,Diesel,Manual,142,SW0,Local Garage,Premium Cars Ltd,Dec 2026,2026-06-23,95,£670 below similar listings,/images/cars/nissan-leaf.jpg,https://example.invalid/listing/470
471,Honda Civic i-VTEC #471,Honda,Civic,i-VTEC,27509,2024,76527,Hybrid,Automatic,149,SW1,Partner Dealer,Green Drive Motors,Dec 2026,2026-06-24,96,£671 below similar listings,/images/cars/honda-civic.jpg,https://example.invalid/listing/471
472,Mazda 3 SE-L #472,Mazda,3,SE-L,27888,2025,76664,Electric,Manual,6,SW2,eBay,Direct Autos,Dec 2026,2026-06-25,97,£672 below similar listings,/images/cars/mazda-3.jpg,https://example.invalid/listing/472
473,Volkswagen Golf 1.5 TSI #473,Volkswagen,Golf,1.5 TSI,28267,2015,76801,Petrol,Automatic,13,SW3,Dealer Site,EV Specialists,Dec 2026,2026-06-26,55,£673 below similar listings,/images/cars/vw-golf.jpg,https://example.invalid/listing/473
474,Ford Fiesta Titanium #474,Ford,Fiesta,Titanium,28646,2016,76938,Diesel,Manual,20,SW4,Local Garage,AutoMart London,Dec 2026,2026-06-27,56,£674 below similar listings,/images/cars/ford-fiesta.jpg,https://example.invalid/listing/474
475,BMW 118i Sport #475,BMW,118i,Sport,29025,2017,77075,Hybrid,Automatic,27,SW5,Partner Dealer,City Motors,Dec 2026,2026-06-28,57,£675 below similar listings,/images/cars/bmw-1-series.jpg,https://example.invalid/listing/475
476,Toyota Yaris Hybrid #476,Toyota,Yaris,Hybrid,29404,2018,77212,Electric,Manual,34,SW6,eBay,Premium Cars Ltd,Dec 2026,2026-06-01,58,£676 below similar listings,/images/cars/toyota-yaris.jpg,https://example.invalid/listing/476
477,Audi A3 TDI Sport #477,Audi,A3,TDI Sport,29783,2019,77349,Petrol,Automatic,41,SW7,Dealer Site,Green Drive Motors,Dec 2026,2026-06-02,59,£677 below similar listings,/images/cars/audi-a3.jpg,https://example.invalid/listing/477
478,Nissan Leaf Tekna #478,Nissan,Leaf,Tekna,30162,2020,77486,Diesel,Manual,48,SW8,Local Garage,Direct Autos,Dec 2026,2026-06-03,60,£678 below similar listings,/images/cars/nissan-leaf.jpg,https://example.invalid/listing/478
479,Honda Civic i-VTEC #479,Honda,Civic,i-VTEC,30541,2021,77623,Hybrid,Automatic,55,SW9,Partner Dealer,EV Specialists,Dec 2026,2026-06-04,61,£679 below similar listings,/images/cars/honda-civic.jpg,https://example.invalid/listing/479
480,Mazda 3 SE-L #480,Mazda,3,SE-L,30920,2022,77760,Electric,Manual,62,SW10,eBay,AutoMart London,Dec 2026,2026-06-05,62,£680 below similar listings,/images/cars/mazda-3.jpg,https://example.invalid/listing/480
481,Volkswagen Golf 1.5 TSI #481,Volkswagen,Golf,1.5 TSI,5299,2023,77897,Petrol,Automatic,69,SW11,Dealer Site,City Motors,Dec 2026,2026-06-06,63,£681 below similar listings,/images/cars/vw-golf.jpg,https://example.invalid/listing/481
482,Ford Fiesta Titanium #482,Ford,Fiesta,Titanium,5678,2024,78034,Diesel,Manual,76,SW12,Local Garage,Premium Cars Ltd,Dec 2026,2026-06-07,64,£682 below similar listings,/images/cars/ford-fiesta.jpg,https://example.invalid/listing/482
483,BMW 118i Sport #483,BMW,118i,Sport,6057,2025,78171,Hybrid,Automatic,83,SW13,Partner Dealer,Green Drive Motors,Dec 2026,2026-06-08,65,£683 below similar listings,/images/cars/bmw-1-series.jpg,https://example.invalid/listing/483
484,Toyota Yaris Hybrid #484,Toyota,Yaris,Hybrid,6436,2015,78308,Electric,Manual,90,SW14,eBay,Direct Autos,Dec 2026,2026-06-09,66,£684 below similar listings,/images/cars/toyota-yaris.jpg,https://example.invalid/listing/484
485,Audi A3 TDI Sport #485,Audi,A3,TDI Sport,6815,2016,78445,Petrol,Automatic,97,SW15,Dealer Site,EV Specialists,Dec 2026,2026-06-10,67,£685 below similar listings,/images/cars/audi-a3.jpg,https://example.invalid/listing/485
486,Nissan Leaf Tekna #486,Nissan,Leaf,Tekna,7194,2017,78582,Diesel,Manual,104,SW16,Local Garage,AutoMart London,Dec 2026,2026-06-11,68,£686 below similar listings,/images/cars/nissan-leaf.jpg,https://example.invalid/listing/486
487,Honda Civic i-VTEC #487,Honda,Civic,i-VTEC,7573,2018,78719,Hybrid,Automatic,111,SW17,Partner Dealer,City Motors,Dec 2026,2026-06-12,69,£687 below similar listings,/images/cars/honda-civic.jpg,https://example.invalid/listing/487
488,Mazda 3 SE-L #488,Mazda,3,SE-L,7952,2019,78856,Electric,Manual,118,SW18,eBay,Premium Cars Ltd,Dec 2026,2026-06-13,70,£688 below similar listings,/images/cars/mazda-3.jpg,https://example.invalid/listing/488
489,Volkswagen Golf 1.5 TSI #489,Volkswagen,Golf,1.5 TSI,8331,2020,78993,Petrol,Automatic,125,SW19,Dealer Site,Green Drive Motors,Dec 2026,2026-06-14,71,£689 below similar listings,/images/cars/vw-golf.jpg,https://example.invalid/listing/489
490,Ford Fiesta Titanium #490,Ford,Fiesta,Titanium,8710,2021,79130,Diesel,Manual,132,SW0,Local Garage,Direct Autos,Dec 2026,2026-06-15,72,£690 below similar listings,/images/cars/ford-fiesta.jpg,https://example.invalid/listing/490
491,BMW 118i Sport #491,BMW,118i,Sport,9089,2022,79267,Hybrid,Automatic,139,SW1,Partner Dealer,EV Specialists,Dec 2026,2026-06-16,73,£691 below similar listings,/images/cars/bmw-1-series.jpg,https://example.invalid/listing/491
492,Toyota Yaris Hybrid #492,Toyota,Yaris,Hybrid,9468,2023,79404,Electric,Manual,146,SW2,eBay,AutoMart London,Dec 2026,2026-06-17,74,£692 below similar listings,/images/cars/toyota-yaris.jpg,https://example.invalid/listing/492
493,Audi A3 TDI Sport #493,Audi,A3,TDI Sport,9847,2024,79541,Petrol,Automatic,3,SW3,Dealer Site,City Motors,Dec 2026,2026-06-18,75,£693 below similar listings,/images/cars/audi-a3.jpg,https://example.invalid/listing/493
494,Nissan Leaf Tekna #494,Nissan,Leaf,Tekna,10226,2025,79678,Diesel,Manual,10,SW4,Local Garage,Premium Cars Ltd,Dec 2026,2026-06-19,76,£694 below similar listings,/images/cars/nissan-leaf.jpg,https://example.invalid/listing/494
495,Honda Civic i-VTEC #495,Honda,Civic,i-VTEC,10605,2015,79815,Hybrid,Automatic,17,SW5,Partner Dealer,Green Drive Motors,Dec 2026,2026-06-20,77,£695 below similar listings,/images/cars/honda-civic.jpg,https://example.invalid/listing/495
496,Mazda 3 SE-L #496,Mazda,3,SE-L,10984,2016,79952,Electric,Manual,24,SW6,eBay,Direct Autos,Dec 2026,2026-06-21,78,£696 below similar listings,/images/cars/mazda-3.jpg,https://example.invalid/listing/496
497,Volkswagen Golf 1.5 TSI #497,Volkswagen,Golf,1.5 TSI,11363,2017,80089,Petrol,Automatic,31,SW7,Dealer Site,EV Specialists,Dec 2026,2026-06-22,79,£697 below similar listings,/images/cars/vw-golf.jpg,https://example.invalid/listing/497
498,Ford Fiesta Titanium #498,Ford,Fiesta,Titanium,11742,2018,80226,Diesel,Manual,38,SW8,Local Garage,AutoMart London,Dec 2026,2026-06-23,80,£698 below similar listings,/images/cars/ford-fiesta.jpg,https://example.invalid/listing/498
499,BMW 118i Sport #499,BMW,118i,Sport,12121,2019,80363,Hybrid,Automatic,45,SW9,Partner Dealer,City Motors,Dec 2026,2026-06-24,81,£699 below similar listings,/images/cars/bmw-1-series.jpg,https://example.invalid/listing/499
500,Toyota Yaris Hybrid #500,Toyota,Yaris,Hybrid,12500,2020,80500,Electric,Manual,52,SW10,eBay,Premium Cars Ltd,Dec 2026,2026-06-25,82,£700 below similar listings,/images/cars/toyota-yaris.jpg,https://example.invalid/listing/500
501,Audi A3 TDI Sport #501,Audi,A3,TDI Sport,12879,2021,80637,Petrol,Automatic,59,SW11,Dealer Site,Green Drive Motors,Dec 2026,2026-06-26,83,£701 below similar listings,/images/cars/audi-a3.jpg,https://example.invalid/listing/501
502,Nissan Leaf Tekna #502,Nissan,Leaf,Tekna,13258,2022,80774,Diesel,Manual,66,SW12,Local Garage,Direct Autos,Dec 2026,2026-06-27,84,£702 below similar listings,/images/cars/nissan-leaf.jpg,https://example.invalid/listing/502
503,Honda Civic i-VTEC #503,Honda,Civic,i-VTEC,13637,2023,80911,Hybrid,Automatic,73,SW13,Partner Dealer,EV Specialists,Dec 2026,2026-06-28,85,£703 below similar listings,/images/cars/honda-civic.jpg,https://example.invalid/listing/503
504,Mazda 3 SE-L #504,Mazda,3,SE-L,14016,2024,81048,Electric,Manual,80,SW14,eBay,AutoMart London,Dec 2026,2026-06-01,86,£704 below similar listings,/images/cars/mazda-3.jpg,https://example.invalid/listing/504
505,Volkswagen Golf 1.5 TSI #505,Volkswagen,Golf,1.5 TSI,14395,2025,81185,Petrol,Automatic,87,SW15,Dealer Site,City Motors,Dec 2026,2026-06-02,87,£705 below similar listings,/images/cars/vw-golf.jpg,https://example.invalid/listing/505
506,Ford Fiesta Titanium #506,Ford,Fiesta,Titanium,14774,2015,81322,Diesel,Manual,94,SW16,Local Garage,Premium Cars Ltd,Dec 2026,2026-06-03,88,£706 below similar listings,/images/cars/ford-fiesta.jpg,https://example.invalid/listing/506
507,BMW 118i Sport #507,BMW,118i,Sport,15153,2016,81459,Hybrid,Automatic,101,SW17,Partner Dealer,Green Drive Motors,Dec 2026,2026-06-04,89,£707 below similar listings,/images/cars/bmw-1-series.jpg,https://example.invalid/listing/507
508,Toyota Yaris Hybrid #508,Toyota,Yaris,Hybrid,15532,2017,81596,Electric,Manual,108,SW18,eBay,Direct Autos,Dec 2026,2026-06-05,90,£708 below similar listings,/images/cars/toyota-yaris.jpg,https://example.invalid/listing/508
509,Audi A3 TDI Sport #509,Audi,A3,TDI Sport,15911,2018,81733,Petrol,Automatic,115,SW19,Dealer Site,EV Specialists,Dec 2026,2026-06-06,91,£709 below similar listings,/images/cars/audi-a3.jpg,https://example.invalid/listing/509
510,Nissan Leaf Tekna #510,Nissan,Leaf,Tekna,16290,2019,81870,Diesel,Manual,122,SW0,Local Garage,AutoMart London,Dec 2026,2026-06-07,92,£710 below similar listings,/images/cars/nissan-leaf.jpg,https://example.invalid/listing/510
511,Honda Civic i-VTEC #511,Honda,Civic,i-VTEC,16669,2020,82007,Hybrid,Automatic,129,SW1,Partner Dealer,City Motors,Dec 2026,2026-06-08,93,£711 below similar listings,/images/cars/honda-civic.jpg,https://example.invalid/listing/511
512,Mazda 3 SE-L #512,Mazda,3,SE-L,17048,2021,82144,Electric,Manual,136,SW2,eBay,Premium Cars Ltd,Dec 2026,2026-06-09,94,£712 below similar listings,/images/cars/mazda-3.jpg,https://example.invalid/listing/512
513,Volkswagen Golf 1.5 TSI #513,Volkswagen,Golf,1.5 TSI,17427,2022,82281,Petrol,Automatic,143,SW3,Dealer Site,Green Drive Motors,Dec 2026,2026-06-10,95,£713 below similar listings,/images/cars/vw-golf.jpg,https://example.invalid/listing/513
514,Ford Fiesta Titanium #514,Ford,Fiesta,Titanium,17806,2023,82418,Diesel,Manual,150,SW4,Local Garage,Direct Autos,Dec 2026,2026-06-11,96,£714 below similar listings,/images/cars/ford-fiesta.jpg,https://example.invalid/listing/514
515,BMW 118i Sport #515,BMW,118i,Sport,18185,2024,82555,Hybrid,Automatic,7,SW5,Partner Dealer,EV Specialists,Dec 2026,2026-06-12,97,£715 below similar listings,/images/cars/bmw-1-series.jpg,https://example.invalid/listing/515
516,Toyota Yaris Hybrid #516,Toyota,Yaris,Hybrid,18564,2025,82692,Electric,Manual,14,SW6,eBay,AutoMart London,Dec 2026,2026-06-13,55,£716 below similar listings,/images/cars/toyota-yaris.jpg,https://example.invalid/listing/516
517,Audi A3 TDI Sport #517,Audi,A3,TDI Sport,18943,2015,82829,Petrol,Automatic,21,SW7,Dealer Site,City Motors,Dec 2026,2026-06-14,56,£717 below similar listings,/images/cars/audi-a3.jpg,https://example.invalid/listing/517
518,Nissan Leaf Tekna #518,Nissan,Leaf,Tekna,19322,2016,82966,Diesel,Manual,28,SW8,Local Garage,Premium Cars Ltd,Dec 2026,2026-06-15,57,£718 below similar listings,/images/cars/nissan-leaf.jpg,https://example.invalid/listing/518
519,Honda Civic i-VTEC #519,Honda,Civic,i-VTEC,19701,2017,83103,Hybrid,Automatic,35,SW9,Partner Dealer,Green Drive Motors,Dec 2026,2026-06-16,58,£719 below similar listings,/images/cars/honda-civic.jpg,https://example.invalid/listing/519
520,Mazda 3 SE-L #520,Mazda,3,SE-L,20080,2018,83240,Electric,Manual,42,SW10,eBay,Direct Autos,Dec 2026,2026-06-17,59,£720 below similar listings,/images/cars/mazda-3.jpg,https://example.invalid/listing/520
521,Volkswagen Golf 1.5 TSI #521,Volkswagen,Golf,1.5 TSI,20459,2019,83377,Petrol,Automatic,49,SW11,Dealer Site,EV Specialists,Dec 2026,2026-06-18,60,£721 below similar listings,/images/cars/vw-golf.jpg,https://example.invalid/listing/521
522,Ford Fiesta Titanium #522,Ford,Fiesta,Titanium,20838,2020,83514,Diesel,Manual,56,SW12,Local Garage,AutoMart London,Dec 2026,2026-06-19,61,£722 below similar listings,/images/cars/ford-fiesta.jpg,https://example.invalid/listing/522
523,BMW 118i Sport #523,BMW,118i,Sport,21217,2021,83651,Hybrid,Automatic,63,SW13,Partner Dealer,City Motors,Dec 2026,2026-06-20,62,£723 below similar listings,/images/cars/bmw-1-series.jpg,https://example.invalid/listing/523
524,Toyota Yaris Hybrid #524,Toyota,Yaris,Hybrid,21596,2022,83788,Electric,Manual,70,SW14,eBay,Premium Cars Ltd,Dec 2026,2026-06-21,63,£724 below similar listings,/images/cars/toyota-yaris.jpg,https://example.invalid/listing/524
525,Audi A3 TDI Sport #525,Audi,A3,TDI Sport,21975,2023,83925,Petrol,Automatic,77,SW15,Dealer Site,Green Drive Motors,Dec 2026,2026-06-22,64,£725 below similar listings,/images/cars/audi-a3.jpg,https://example.invalid/listing/525
526,Nissan Leaf Tekna #526,Nissan,Leaf,Tekna,22354,2024,84062,Diesel,Manual,84,SW16,Local Garage,Direct Autos,Dec 2026,2026-06-23,65,£726 below similar listings,/images/cars/nissan-leaf.jpg,https://example.invalid/listing/526
527,Honda Civic i-VTEC #527,Honda,Civic,i-VTEC,22733,2025,84199,Hybrid,Automatic,91,SW17,Partner Dealer,EV Specialists,Dec 2026,2026-06-24,66,£727 below similar listings,/images/cars/honda-civic.jpg,https://example.invalid/listing/527
528,Mazda 3 SE-L #528,Mazda,3,SE-L,23112,2015,84336,Electric,Manual,98,SW18,eBay,AutoMart London,Dec 2026,2026-06-25,67,£728 below similar listings,/images/cars/mazda-3.jpg,https://example.invalid/listing/528
529,Volkswagen Golf 1.5 TSI #529,Volkswagen,Golf,1.5 TSI,23491,2016,84473,Petrol,Automatic,105,SW19,Dealer Site,City Motors,Dec 2026,2026-06-26,68,£729 below similar listings,/images/cars/vw-golf.jpg,https://example.invalid/listing/529
530,Ford Fiesta Titanium #530,Ford,Fiesta,Titanium,23870,2017,84610,Diesel,Manual,112,SW0,Local Garage,Premium Cars Ltd,Dec 2026,2026-06-27,69,£730 below similar listings,/images/cars/ford-fiesta.jpg,https://example.invalid/listing/530
531,BMW 118i Sport #531,BMW,118i,Sport,24249,2018,84747,Hybrid,Automatic,119,SW1,Partner Dealer,Green Drive Motors,Dec 2026,2026-06-28,70,£731 below similar listings,/images/cars/bmw-1-series.jpg,https://example.invalid/listing/531
532,Toyota Yaris Hybrid #532,Toyota,Yaris,Hybrid,24628,2019,84884,Electric,Manual,126,SW2,eBay,Direct Autos,Dec 2026,2026-06-01,71,£732 below similar listings,/images/cars/toyota-yaris.jpg,https://example.invalid/listing/532
533,Audi A3 TDI Sport #533,Audi,A3,TDI Sport,25007,2020,85021,Petrol,Automatic,133,SW3,Dealer Site,EV Specialists,Dec 2026,2026-06-02,72,£733 below similar listings,/images/cars/audi-a3.jpg,https://example.invalid/listing/533
534,Nissan Leaf Tekna #534,Nissan,Leaf,Tekna,25386,2021,85158,Diesel,Manual,140,SW4,Local Garage,AutoMart London,Dec 2026,2026-06-03,73,£734 below similar listings,/images/cars/nissan-leaf.jpg,https://example.invalid/listing/534
535,Honda Civic i-VTEC #535,Honda,Civic,i-VTEC,25765,2022,85295,Hybrid,Automatic,147,SW5,Partner Dealer,City Motors,Dec 2026,2026-06-04,74,£735 below similar listings,/images/cars/honda-civic.jpg,https://example.invalid/listing/535
536,Mazda 3 SE-L #536,Mazda,3,SE-L,26144,2023,85432,Electric,Manual,4,SW6,eBay,Premium Cars Ltd,Dec 2026,2026-06-05,75,£736 below similar listings,/images/cars/mazda-3.jpg,https://example.invalid/listing/536
537,Volkswagen Golf 1.5 TSI #537,Volkswagen,Golf,1.5 TSI,26523,2024,85569,Petrol,Automatic,11,SW7,Dealer Site,Green Drive Motors,Dec 2026,2026-06-06,76,£737 below similar listings,/images/cars/vw-golf.jpg,https://example.invalid/listing/537
538,Ford Fiesta Titanium #538,Ford,Fiesta,Titanium,26902,2025,85706,Diesel,Manual,18,SW8,Local Garage,Direct Autos,Dec 2026,2026-06-07,77,£738 below similar listings,/images/cars/ford-fiesta.jpg,https://example.invalid/listing/538
539,BMW 118i Sport #539,BMW,118i,Sport,27281,2015,85843,Hybrid,Automatic,25,SW9,Partner Dealer,EV Specialists,Dec 2026,2026-06-08,78,£739 below similar listings,/images/cars/bmw-1-series.jpg,https://example.invalid/listing/539
540,Toyota Yaris Hybrid #540,Toyota,Yaris,Hybrid,27660,2016,85980,Electric,Manual,32,SW10,eBay,AutoMart London,Dec 2026,2026-06-09,79,£740 below similar listings,/images/cars/toyota-yaris.jpg,https://example.invalid/listing/540
541,Audi A3 TDI Sport #541,Audi,A3,TDI Sport,28039,2017,86117,Petrol,Automatic,39,SW11,Dealer Site,City Motors,Dec 2026,2026-06-10,80,£741 below similar listings,/images/cars/audi-a3.jpg,https://example.invalid/listing/541
542,Nissan Leaf Tekna #542,Nissan,Leaf,Tekna,28418,2018,86254,Diesel,Manual,46,SW12,Local Garage,Premium Cars Ltd,Dec 2026,2026-06-11,81,£742 below similar listings,/images/cars/nissan-leaf.jpg,https://example.invalid/listing/542
543,Honda Civic i-VTEC #543,Honda,Civic,i-VTEC,28797,2019,86391,Hybrid,Automatic,53,SW13,Partner Dealer,Green Drive Motors,Dec 2026,2026-06-12,82,£743 below similar listings,/images/cars/honda-civic.jpg,https://example.invalid/listing/543
544,Mazda 3 SE-L #544,Mazda,3,SE-L,29176,2020,86528,Electric,Manual,60,SW14,eBay,Direct Autos,Dec 2026,2026-06-13,83,£744 below similar listings,/images/cars/mazda-3.jpg,https://example.invalid/listing/544
545,Volkswagen Golf 1.5 TSI #545,Volkswagen,Golf,1.5 TSI,29555,2021,86665,Petrol,Automatic,67,SW15,Dealer Site,EV Specialists,Dec 2026,2026-06-14,84,£745 below similar listings,/images/cars/vw-golf.jpg,https://example.invalid/listing/545
546,Ford Fiesta Titanium #546,Ford,Fiesta,Titanium,29934,2022,86802,Diesel,Manual,74,SW16,Local Garage,AutoMart London,Dec 2026,2026-06-15,85,£746 below similar listings,/images/cars/ford-fiesta.jpg,https://example.invalid/listing/546
547,BMW 118i Sport #547,BMW,118i,Sport,30313,2023,86939,Hybrid,Automatic,81,SW17,Partner Dealer,City Motors,Dec 2026,2026-06-16,86,£747 below similar listings,/images/cars/bmw-1-series.jpg,https://example.invalid/listing/547
548,Toyota Yaris Hybrid #548,Toyota,Yaris,Hybrid,30692,2024,87076,Electric,Manual,88,SW18,eBay,Premium Cars Ltd,Dec 2026,2026-06-17,87,£748 below similar listings,/images/cars/toyota-yaris.jpg,https://example.invalid/listing/548
549,Audi A3 TDI Sport #549,Audi,A3,TDI Sport,5071,2025,87213,Petrol,Automatic,95,SW19,Dealer Site,Green Drive Motors,Dec 2026,2026-06-18,88,£749 below similar listings,/images/cars/audi-a3.jpg,https://example.invalid/listing/549
550,Nissan Leaf Tekna #550,Nissan,Leaf,Tekna,5450,2015,87350,Diesel,Manual,102,SW0,Local Garage,Direct Autos,Dec 2026,2026-06-19,89,£750 below similar listings,/images/cars/nissan-leaf.jpg,https://example.invalid/listing/550
551,Honda Civic i-VTEC #551,Honda,Civic,i-VTEC,5829,2016,87487,Hybrid,Automatic,109,SW1,Partner Dealer,EV Specialists,Dec 2026,2026-06-20,90,£751 below similar listings,/images/cars/honda-civic.jpg,https://example.invalid/listing/551
552,Mazda 3 SE-L #552,Mazda,3,SE-L,6208,2017,87624,Electric,Manual,116,SW2,eBay,AutoMart London,Dec 2026,2026-06-21,91,£752 below similar listings,/images/cars/mazda-3.jpg,https://example.invalid/listing/552
553,Volkswagen Golf 1.5 TSI #553,Volkswagen,Golf,1.5 TSI,6587,2018,87761,Petrol,Automatic,123,SW3,Dealer Site,City Motors,Dec 2026,2026-06-22,92,£753 below similar listings,/images/cars/vw-golf.jpg,https://example.invalid/listing/553
554,Ford Fiesta Titanium #554,Ford,Fiesta,Titanium,6966,2019,87898,Diesel,Manual,130,SW4,Local Garage,Premium Cars Ltd,Dec 2026,2026-06-23,93,£754 below similar listings,/images/cars/ford-fiesta.jpg,https://example.invalid/listing/554
555,BMW 118i Sport #555,BMW,118i,Sport,7345,2020,88035,Hybrid,Automatic,137,SW5,Partner Dealer,Green Drive Motors,Dec 2026,2026-06-24,94,£755 below similar listings,/images/cars/bmw-1-series.jpg,https://example.invalid/listing/555
556,Toyota Yaris Hybrid #556,Toyota,Yaris,Hybrid,7724,2021,88172,Electric,Manual,144,SW6,eBay,Direct Autos,Dec 2026,2026-06-25,95,£756 below similar listings,/images/cars/toyota-yaris.jpg,https://example.invalid/listing/556
557,Audi A3 TDI Sport #557,Audi,A3,TDI Sport,8103,2022,88309,Petrol,Automatic,151,SW7,Dealer Site,EV Specialists,Dec 2026,2026-06-26,96,£757 below similar listings,/images/cars/audi-a3.jpg,https://example.invalid/listing/557
558,Nissan Leaf Tekna #558,Nissan,Leaf,Tekna,8482,2023,88446,Diesel,Manual,8,SW8,Local Garage,AutoMart London,Dec 2026,2026-06-27,97,£758 below similar listings,/images/cars/nissan-leaf.jpg,https://example.invalid/listing/558
559,Honda Civic i-VTEC #559,Honda,Civic,i-VTEC,8861,2024,88583,Hybrid,Automatic,15,SW9,Partner Dealer,City Motors,Dec 2026,2026-06-28,55,£759 below similar listings,/images/cars/honda-civic.jpg,https://example.invalid/listing/559
560,Mazda 3 SE-L #560,Mazda,3,SE-L,9240,2025,88720,Electric,Manual,22,SW10,eBay,Premium Cars Ltd,Dec 2026,2026-06-01,56,£760 below similar listings,/images/cars/mazda-3.jpg,https://example.invalid/listing/560
561,Volkswagen Golf 1.5 TSI #561,Volkswagen,Golf,1.5 TSI,9619,2015,88857,Petrol,Automatic,29,SW11,Dealer Site,Green Drive Motors,Dec 2026,2026-06-02,57,£761 below similar listings,/images/cars/vw-golf.jpg,https://example.invalid/listing/561
562,Ford Fiesta Titanium #562,Ford,Fiesta,Titanium,9998,2016,88994,Diesel,Manual,36,SW12,Local Garage,Direct Autos,Dec 2026,2026-06-03,58,£762 below similar listings,/images/cars/ford-fiesta.jpg,https://example.invalid/listing/562
563,BMW 118i Sport #563,BMW,118i,Sport,10377,2017,89131,Hybrid,Automatic,43,SW13,Partner Dealer,EV Specialists,Dec 2026,2026-06-04,59,£763 below similar listings,/images/cars/bmw-1-series.jpg,https://example.invalid/listing/563
564,Toyota Yaris Hybrid #564,Toyota,Yaris,Hybrid,10756,2018,89268,Electric,Manual,50,SW14,eBay,AutoMart London,Dec 2026,2026-06-05,60,£764 below similar listings,/images/cars/toyota-yaris.jpg,https://example.invalid/listing/564
565,Audi A3 TDI Sport #565,Audi,A3,TDI Sport,11135,2019,89405,Petrol,Automatic,57,SW15,Dealer Site,City Motors,Dec 2026,2026-06-06,61,£765 below similar listings,/images/cars/audi-a3.jpg,https://example.invalid/listing/565
566,Nissan Leaf Tekna #566,Nissan,Leaf,Tekna,11514,2020,89542,Diesel,Manual,64,SW16,Local Garage,Premium Cars Ltd,Dec 2026,2026-06-07,62,£766 below similar listings,/images/cars/nissan-leaf.jpg,https://example.invalid/listing/566
567,Honda Civic i-VTEC #567,Honda,Civic,i-VTEC,11893,2021,89679,Hybrid,Automatic,71,SW17,Partner Dealer,Green Drive Motors,Dec 2026,2026-06-08,63,£767 below similar listings,/images/cars/honda-civic.jpg,https://example.invalid/listing/567
568,Mazda 3 SE-L #568,Mazda,3,SE-L,12272,2022,89816,Electric,Manual,78,SW18,eBay,Direct Autos,Dec 2026,2026-06-09,64,£768 below similar listings,/images/cars/mazda-3.jpg,https://example.invalid/listing/568
569,Volkswagen Golf 1.5 TSI #569,Volkswagen,Golf,1.5 TSI,12651,2023,89953,Petrol,Automatic,85,SW19,Dealer Site,EV Specialists,Dec 2026,2026-06-10,65,£769 below similar listings,/images/cars/vw-golf.jpg,https://example.invalid/listing/569
570,Ford Fiesta Titanium #570,Ford,Fiesta,Titanium,13030,2024,90090,Diesel,Manual,92,SW0,Local Garage,AutoMart London,Dec 2026,2026-06-11,66,£770 below similar listings,/images/cars/ford-fiesta.jpg,https://example.invalid/listing/570
571,BMW 118i Sport #571,BMW,118i,Sport,13409,2025,90227,Hybrid,Automatic,99,SW1,Partner Dealer,City Motors,Dec 2026,2026-06-12,67,£771 below similar listings,/images/cars/bmw-1-series.jpg,https://example.invalid/listing/571
572,Toyota Yaris Hybrid #572,Toyota,Yaris,Hybrid,13788,2015,90364,Electric,Manual,106,SW2,eBay,Premium Cars Ltd,Dec 2026,2026-06-13,68,£772 below similar listings,/images/cars/toyota-yaris.jpg,https://example.invalid/listing/572
573,Audi A3 TDI Sport #573,Audi,A3,TDI Sport,14167,2016,90501,Petrol,Automatic,113,SW3,Dealer Site,Green Drive Motors,Dec 2026,2026-06-14,69,£773 below similar listings,/images/cars/audi-a3.jpg,https://example.invalid/listing/573
574,Nissan Leaf Tekna #574,Nissan,Leaf,Tekna,14546,2017,90638,Diesel,Manual,120,SW4,Local Garage,Direct Autos,Dec 2026,2026-06-15,70,£774 below similar listings,/images/cars/nissan-leaf.jpg,https://example.invalid/listing/574
575,Honda Civic i-VTEC #575,Honda,Civic,i-VTEC,14925,2018,90775,Hybrid,Automatic,127,SW5,Partner Dealer,EV Specialists,Dec 2026,2026-06-16,71,£775 below similar listings,/images/cars/honda-civic.jpg,https://example.invalid/listing/575
576,Mazda 3 SE-L #576,Mazda,3,SE-L,15304,2019,90912,Electric,Manual,134,SW6,eBay,AutoMart London,Dec 2026,2026-06-17,72,£776 below similar listings,/images/cars/mazda-3.jpg,https://example.invalid/listing/576
577,Volkswagen Golf 1.5 TSI #577,Volkswagen,Golf,1.5 TSI,15683,2020,91049,Petrol,Automatic,141,SW7,Dealer Site,City Motors,Dec 2026,2026-06-18,73,£777 below similar listings,/images/cars/vw-golf.jpg,https://example.invalid/listing/577
578,Ford Fiesta Titanium #578,Ford,Fiesta,Titanium,16062,2021,91186,Diesel,Manual,148,SW8,Local Garage,Premium Cars Ltd,Dec 2026,2026-06-19,74,£778 below similar listings,/images/cars/ford-fiesta.jpg,https://example.invalid/listing/578
579,BMW 118i Sport #579,BMW,118i,Sport,16441,2022,91323,Hybrid,Automatic,5,SW9,Partner Dealer,Green Drive Motors,Dec 2026,2026-06-20,75,£779 below similar listings,/images/cars/bmw-1-series.jpg,https://example.invalid/listing/579
580,Toyota Yaris Hybrid #580,Toyota,Yaris,Hybrid,16820,2023,91460,Electric,Manual,12,SW10,eBay,Direct Autos,Dec 2026,2026-06-21,76,£780 below similar listings,/images/cars/toyota-yaris.jpg,https://example.invalid/listing/580
581,Audi A3 TDI Sport #581,Audi,A3,TDI Sport,17199,2024,91597,Petrol,Automatic,19,SW11,Dealer Site,EV Specialists,Dec 2026,2026-06-22,77,£781 below similar listings,/images/cars/audi-a3.jpg,https://example.invalid/listing/581
582,Nissan Leaf Tekna #582,Nissan,Leaf,Tekna,17578,2025,91734,Diesel,Manual,26,SW12,Local Garage,AutoMart London,Dec 2026,2026-06-23,78,£782 below similar listings,/images/cars/nissan-leaf.jpg,https://example.invalid/listing/582
583,Honda Civic i-VTEC #583,Honda,Civic,i-VTEC,17957,2015,91871,Hybrid,Automatic,33,SW13,Partner Dealer,City Motors,Dec 2026,2026-06-24,79,£783 below similar listings,/images/cars/honda-civic.jpg,https://example.invalid/listing/583
584,Mazda 3 SE-L #584,Mazda,3,SE-L,18336,2016,92008,Electric,Manual,40,SW14,eBay,Premium Cars Ltd,Dec 2026,2026-06-25,80,£784 below similar listings,/images/cars/mazda-3.jpg,https://example.invalid/listing/584
585,Volkswagen Golf 1.5 TSI #585,Volkswagen,Golf,1.5 TSI,18715,2017,92145,Petrol,Automatic,47,SW15,Dealer Site,Green Drive Motors,Dec 2026,2026-06-26,81,£785 below similar listings,/images/cars/vw-golf.jpg,https://example.invalid/listing/585
586,Ford Fiesta Titanium #586,Ford,Fiesta,Titanium,19094,2018,92282,Diesel,Manual,54,SW16,Local Garage,Direct Autos,Dec 2026,2026-06-27,82,£786 below similar listings,/images/cars/ford-fiesta.jpg,https://example.invalid/listing/586
587,BMW 118i Sport #587,BMW,118i,Sport,19473,2019,92419,Hybrid,Automatic,61,SW17,Partner Dealer,EV Specialists,Dec 2026,2026-06-28,83,£787 below similar listings,/images/cars/bmw-1-series.jpg,https://example.invalid/listing/587
588,Toyota Yaris Hybrid #588,Toyota,Yaris,Hybrid,19852,2020,92556,Electric,Manual,68,SW18,eBay,AutoMart London,Dec 2026,2026-06-01,84,£788 below similar listings,/images/cars/toyota-yaris.jpg,https://example.invalid/listing/588
589,Audi A3 TDI Sport #589,Audi,A3,TDI Sport,20231,2021,92693,Petrol,Automatic,75,SW19,Dealer Site,City Motors,Dec 2026,2026-06-02,85,£789 below similar listings,/images/cars/audi-a3.jpg,https://example.invalid/listing/589
590,Nissan Leaf Tekna #590,Nissan,Leaf,Tekna,20610,2022,92830,Diesel,Manual,82,SW0,Local Garage,Premium Cars Ltd,Dec 2026,2026-06-03,86,£790 below similar listings,/images/cars/nissan-leaf.jpg,https://example.invalid/listing/590
591,Honda Civic i-VTEC #591,Honda,Civic,i-VTEC,20989,2023,92967,Hybrid,Automatic,89,SW1,Partner Dealer,Green Drive Motors,Dec 2026,2026-06-04,87,£791 below similar listings,/images/cars/honda-civic.jpg,https://example.invalid/listing/591
592,Mazda 3 SE-L #592,Mazda,3,SE-L,21368,2024,93104,Electric,Manual,96,SW2,eBay,Direct Autos,Dec 2026,2026-06-05,88,£792 below similar listings,/images/cars/mazda-3.jpg,https://example.invalid/listing/592
593,Volkswagen Golf 1.5 TSI #593,Volkswagen,Golf,1.5 TSI,21747,2025,93241,Petrol,Automatic,103,SW3,Dealer Site,EV Specialists,Dec 2026,2026-06-06,89,£793 below similar listings,/images/cars/vw-golf.jpg,https://example.invalid/listing/593
594,Ford Fiesta Titanium #594,Ford,Fiesta,Titanium,22126,2015,93378,Diesel,Manual,110,SW4,Local Garage,AutoMart London,Dec 2026,2026-06-07,90,£794 below similar listings,/images/cars/ford-fiesta.jpg,https://example.invalid/listing/594
595,BMW 118i Sport #595,BMW,118i,Sport,22505,2016,93515,Hybrid,Automatic,117,SW5,Partner Dealer,City Motors,Dec 2026,2026-06-08,91,£795 below similar listings,/images/cars/bmw-1-series.jpg,https://example.invalid/listing/595
596,Toyota Yaris Hybrid #596,Toyota,Yaris,Hybrid,22884,2017,93652,Electric,Manual,124,SW6,eBay,Premium Cars Ltd,Dec 2026,2026-06-09,92,£796 below similar listings,/images/cars/toyota-yaris.jpg,https://example.invalid/listing/596
597,Audi A3 TDI Sport #597,Audi,A3,TDI Sport,23263,2018,93789,Petrol,Automatic,131,SW7,Dealer Site,Green Drive Motors,Dec 2026,2026-06-10,93,£797 below similar listings,/images/cars/audi-a3.jpg,https://example.invalid/listing/597
598,Nissan Leaf Tekna #598,Nissan,Leaf,Tekna,23642,2019,93926,Diesel,Manual,138,SW8,Local Garage,Direct Autos,Dec 2026,2026-06-11,94,£798 below similar listings,/images/cars/nissan-leaf.jpg,https://example.invalid/listing/598
599,Honda Civic i-VTEC #599,Honda,Civic,i-VTEC,24021,2020,94063,Hybrid,Automatic,145,SW9,Partner Dealer,EV Specialists,Dec 2026,2026-06-12,95,£799 below similar listings,/images/cars/honda-civic.jpg,https://example.invalid/listing/599
600,Mazda 3 SE-L #600,Mazda,3,SE-L,24400,2021,94200,Electric,Manual,2,SW10,eBay,AutoMart London,Dec 2026,2026-06-13,96,£800 below similar listings,/images/cars/mazda-3.jpg,https://example.invalid/listing/600
601,Volkswagen Golf 1.5 TSI #601,Volkswagen,Golf,1.5 TSI,24779,2022,94337,Petrol,Automatic,9,SW11,Dealer Site,City Motors,Dec 2026,2026-06-14,97,£801 below similar listings,/images/cars/vw-golf.jpg,https://example.invalid/listing/601
602,Ford Fiesta Titanium #602,Ford,Fiesta,Titanium,25158,2023,94474,Diesel,Manual,16,SW12,Local Garage,Premium Cars Ltd,Dec 2026,2026-06-15,55,£802 below similar listings,/images/cars/ford-fiesta.jpg,https://example.invalid/listing/602
603,BMW 118i Sport #603,BMW,118i,Sport,25537,2024,94611,Hybrid,Automatic,23,SW13,Partner Dealer,Green Drive Motors,Dec 2026,2026-06-16,56,£803 below similar listings,/images/cars/bmw-1-series.jpg,https://example.invalid/listing/603
604,Toyota Yaris Hybrid #604,Toyota,Yaris,Hybrid,25916,2025,94748,Electric,Manual,30,SW14,eBay,Direct Autos,Dec 2026,2026-06-17,57,£804 below similar listings,/images/cars/toyota-yaris.jpg,https://example.invalid/listing/604
605,Audi A3 TDI Sport #605,Audi,A3,TDI Sport,26295,2015,94885,Petrol,Automatic,37,SW15,Dealer Site,EV Specialists,Dec 2026,2026-06-18,58,£805 below similar listings,/images/cars/audi-a3.jpg,https://example.invalid/listing/605
606,Nissan Leaf Tekna #606,Nissan,Leaf,Tekna,26674,2016,95022,Diesel,Manual,44,SW16,Local Garage,AutoMart London,Dec 2026,2026-06-19,59,£806 below similar listings,/images/cars/nissan-leaf.jpg,https://example.invalid/listing/606
607,Honda Civic i-VTEC #607,Honda,Civic,i-VTEC,27053,2017,95159,Hybrid,Automatic,51,SW17,Partner Dealer,City Motors,Dec 2026,2026-06-20,60,£807 below similar listings,/images/cars/honda-civic.jpg,https://example.invalid/listing/607
608,Mazda 3 SE-L #608,Mazda,3,SE-L,27432,2018,95296,Electric,Manual,58,SW18,eBay,Premium Cars Ltd,Dec 2026,2026-06-21,61,£808 below similar listings,/images/cars/mazda-3.jpg,https://example.invalid/listing/608
609,Volkswagen Golf 1.5 TSI #609,Volkswagen,Golf,1.5 TSI,27811,2019,95433,Petrol,Automatic,65,SW19,Dealer Site,Green Drive Motors,Dec 2026,2026-06-22,62,£809 below similar listings,/images/cars/vw-golf.jpg,https://example.invalid/listing/609
610,Ford Fiesta Titanium #610,Ford,Fiesta,Titanium,28190,2020,95570,Diesel,Manual,72,SW0,Local Garage,Direct Autos,Dec 2026,2026-06-23,63,£810 below similar listings,/images/cars/ford-fiesta.jpg,https://example.invalid/listing/610
611,BMW 118i Sport #611,BMW,118i,Sport,28569,2021,95707,Hybrid,Automatic,79,SW1,Partner Dealer,EV Specialists,Dec 2026,2026-06-24,64,£811 below similar listings,/images/cars/bmw-1-series.jpg,https://example.invalid/listing/611
612,Toyota Yaris Hybrid #612,Toyota,Yaris,Hybrid,28948,2022,95844,Electric,Manual,86,SW2,eBay,AutoMart London,Dec 2026,2026-06-25,65,£812 below similar listings,/images/cars/toyota-yaris.jpg,https://example.invalid/listing/612
613,Audi A3 TDI Sport #613,Audi,A3,TDI Sport,29327,2023,95981,Petrol,Automatic,93,SW3,Dealer Site,City Motors,Dec 2026,2026-06-26,66,£813 below similar listings,/images/cars/audi-a3.jpg,https://example.invalid/listing/613
614,Nissan Leaf Tekna #614,Nissan,Leaf,Tekna,29706,2024,96118,Diesel,Manual,100,SW4,Local Garage,Premium Cars Ltd,Dec 2026,2026-06-27,67,£814 below similar listings,/images/cars/nissan-leaf.jpg,https://example.invalid/listing/614
615,Honda Civic i-VTEC #615,Honda,Civic,i-VTEC,30085,2025,96255,Hybrid,Automatic,107,SW5,Partner Dealer,Green Drive Motors,Dec 2026,2026-06-28,68,£815 below similar listings,/images/cars/honda-civic.jpg,https://example.invalid/listing/615
616,Mazda 3 SE-L #616,Mazda,3,SE-L,30464,2015,96392,Electric,Manual,114,SW6,eBay,Direct Autos,Dec 2026,2026-06-01,69,£816 below similar listings,/images/cars/mazda-3.jpg,https://example.invalid/listing/616
617,Volkswagen Golf 1.5 TSI #617,Volkswagen,Golf,1.5 TSI,30843,2016,96529,Petrol,Automatic,121,SW7,Dealer Site,EV Specialists,Dec 2026,2026-06-02,70,£817 below similar listings,/images/cars/vw-golf.jpg,https://example.invalid/listing/617
618,Ford Fiesta Titanium #618,Ford,Fiesta,Titanium,5222,2017,96666,Diesel,Manual,128,SW8,Local Garage,AutoMart London,Dec 2026,2026-06-03,71,£818 below similar listings,/images/cars/ford-fiesta.jpg,https://example.invalid/listing/618
619,BMW 118i Sport #619,BMW,118i,Sport,5601,2018,96803,Hybrid,Automatic,135,SW9,Partner Dealer,City Motors,Dec 2026,2026-06-04,72,£819 below similar listings,/images/cars/bmw-1-series.jpg,https://example.invalid/listing/619
620,Toyota Yaris Hybrid #620,Toyota,Yaris,Hybrid,5980,2019,96940,Electric,Manual,142,SW10,eBay,Premium Cars Ltd,Dec 2026,2026-06-05,73,£820 below similar listings,/images/cars/toyota-yaris.jpg,https://example.invalid/listing/620
621,Audi A3 TDI Sport #621,Audi,A3,TDI Sport,6359,2020,97077,Petrol,Automatic,149,SW11,Dealer Site,Green Drive Motors,Dec 2026,2026-06-06,74,£821 below similar listings,/images/cars/audi-a3.jpg,https://example.invalid/listing/621
622,Nissan Leaf Tekna #622,Nissan,Leaf,Tekna,6738,2021,97214,Diesel,Manual,6,SW12,Local Garage,Direct Autos,Dec 2026,2026-06-07,75,£822 below similar listings,/images/cars/nissan-leaf.jpg,https://example.invalid/listing/622
623,Honda Civic i-VTEC #623,Honda,Civic,i-VTEC,7117,2022,97351,Hybrid,Automatic,13,SW13,Partner Dealer,EV Specialists,Dec 2026,2026-06-08,76,£823 below similar listings,/images/cars/honda-civic.jpg,https://example.invalid/listing/623
624,Mazda 3 SE-L #624,Mazda,3,SE-L,7496,2023,97488,Electric,Manual,20,SW14,eBay,AutoMart London,Dec 2026,2026-06-09,77,£824 below similar listings,/images/cars/mazda-3.jpg,https://example.invalid/listing/624
625,Volkswagen Golf 1.5 TSI #625,Volkswagen,Golf,1.5 TSI,7875,2024,97625,Petrol,Automatic,27,SW15,Dealer Site,City Motors,Dec 2026,2026-06-10,78,£825 below similar listings,/images/cars/vw-golf.jpg,https://example.invalid/listing/625
626,Ford Fiesta Titanium #626,Ford,Fiesta,Titanium,8254,2025,97762,Diesel,Manual,34,SW16,Local Garage,Premium Cars Ltd,Dec 2026,2026-06-11,79,£826 below similar listings,/images/cars/ford-fiesta.jpg,https://example.invalid/listing/626
627,BMW 118i Sport #627,BMW,118i,Sport,8633,2015,97899,Hybrid,Automatic,41,SW17,Partner Dealer,Green Drive Motors,Dec 2026,2026-06-12,80,£827 below similar listings,/images/cars/bmw-1-series.jpg,https://example.invalid/listing/627
628,Toyota Yaris Hybrid #628,Toyota,Yaris,Hybrid,9012,2016,98036,Electric,Manual,48,SW18,eBay,Direct Autos,Dec 2026,2026-06-13,81,£828 below similar listings,/images/cars/toyota-yaris.jpg,https://example.invalid/listing/628
629,Audi A3 TDI Sport #629,Audi,A3,TDI Sport,9391,2017,98173,Petrol,Automatic,55,SW19,Dealer Site,EV Specialists,Dec 2026,2026-06-14,82,£829 below similar listings,/images/cars/audi-a3.jpg,https://example.invalid/listing/629
630,Nissan Leaf Tekna #630,Nissan,Leaf,Tekna,9770,2018,98310,Diesel,Manual,62,SW0,Local Garage,AutoMart London,Dec 2026,2026-06-15,83,£830 below similar listings,/images/cars/nissan-leaf.jpg,https://example.invalid/listing/630
631,Honda Civic i-VTEC #631,Honda,Civic,i-VTEC,10149,2019,98447,Hybrid,Automatic,69,SW1,Partner Dealer,City Motors,Dec 2026,2026-06-16,84,£831 below similar listings,/images/cars/honda-civic.jpg,https://example.invalid/listing/631
632,Mazda 3 SE-L #632,Mazda,3,SE-L,10528,2020,98584,Electric,Manual,76,SW2,eBay,Premium Cars Ltd,Dec 2026,2026-06-17,85,£832 below similar listings,/images/cars/mazda-3.jpg,https://example.invalid/listing/632
633,Volkswagen Golf 1.5 TSI #633,Volkswagen,Golf,1.5 TSI,10907,2021,98721,Petrol,Automatic,83,SW3,Dealer Site,Green Drive Motors,Dec 2026,2026-06-18,86,£833 below similar listings,/images/cars/vw-golf.jpg,https://example.invalid/listing/633
634,Ford Fiesta Titanium #634,Ford,Fiesta,Titanium,11286,2022,98858,Diesel,Manual,90,SW4,Local Garage,Direct Autos,Dec 2026,2026-06-19,87,£834 below similar listings,/images/cars/ford-fiesta.jpg,https://example.invalid/listing/634
635,BMW 118i Sport #635,BMW,118i,Sport,11665,2023,98995,Hybrid,Automatic,97,SW5,Partner Dealer,EV Specialists,Dec 2026,2026-06-20,88,£835 below similar listings,/images/cars/bmw-1-series.jpg,https://example.invalid/listing/635
636,Toyota Yaris Hybrid #636,Toyota,Yaris,Hybrid,12044,2024,99132,Electric,Manual,104,SW6,eBay,AutoMart London,Dec 2026,2026-06-21,89,£836 below similar listings,/images/cars/toyota-yaris.jpg,https://example.invalid/listing/636
637,Audi A3 TDI Sport #637,Audi,A3,TDI Sport,12423,2025,99269,Petrol,Automatic,111,SW7,Dealer Site,City Motors,Dec 2026,2026-06-22,90,£837 below similar listings,/images/cars/audi-a3.jpg,https://example.invalid/listing/637
638,Nissan Leaf Tekna #638,Nissan,Leaf,Tekna,12802,2015,99406,Diesel,Manual,118,SW8,Local Garage,Premium Cars Ltd,Dec 2026,2026-06-23,91,£838 below similar listings,/images/cars/nissan-leaf.jpg,https://example.invalid/listing/638
639,Honda Civic i-VTEC #639,Honda,Civic,i-VTEC,13181,2016,99543,Hybrid,Automatic,125,SW9,Partner Dealer,Green Drive Motors,Dec 2026,2026-06-24,92,£839 below similar listings,/images/cars/honda-civic.jpg,https://example.invalid/listing/639
640,Mazda 3 SE-L #640,Mazda,3,SE-L,13560,2017,99680,Electric,Manual,132,SW10,eBay,Direct Autos,Dec 2026,2026-06-25,93,£840 below similar listings,/images/cars/mazda-3.jpg,https://example.invalid/listing/640
641,Volkswagen Golf 1.5 TSI #641,Volkswagen,Golf,1.5 TSI,13939,2018,99817,Petrol,Automatic,139,SW11,Dealer Site,EV Specialists,Dec 2026,2026-06-26,94,£841 below similar listings,/images/cars/vw-golf.jpg,https://example.invalid/listing/641
642,Ford Fiesta Titanium #642,Ford,Fiesta,Titanium,14318,2019,99954,Diesel,Manual,146,SW12,Local Garage,AutoMart London,Dec 2026,2026-06-27,95,£842 below similar listings,/images/cars/ford-fiesta.jpg,https://example.invalid/listing/642
643,BMW 118i Sport #643,BMW,118i,Sport,14697,2020,100091,Hybrid,Automatic,3,SW13,Partner Dealer,City Motors,Dec 2026,2026-06-28,96,£843 below similar listings,/images/cars/bmw-1-series.jpg,https://example.invalid/listing/643
644,Toyota Yaris Hybrid #644,Toyota,Yaris,Hybrid,15076,2021,100228,Electric,Manual,10,SW14,eBay,Premium Cars Ltd,Dec 2026,2026-06-01,97,£844 below similar listings,/images/cars/toyota-yaris.jpg,https://example.invalid/listing/644
645,Audi A3 TDI Sport #645,Audi,A3,TDI Sport,15455,2022,100365,Petrol,Automatic,17,SW15,Dealer Site,Green Drive Motors,Dec 2026,2026-06-02,55,£845 below similar listings,/images/cars/audi-a3.jpg,https://example.invalid/listing/645
646,Nissan Leaf Tekna #646,Nissan,Leaf,Tekna,15834,2023,100502,Diesel,Manual,24,SW16,Local Garage,Direct Autos,Dec 2026,2026-06-03,56,£846 below similar listings,/images/cars/nissan-leaf.jpg,https://example.invalid/listing/646
647,Honda Civic i-VTEC #647,Honda,Civic,i-VTEC,16213,2024,100639,Hybrid,Automatic,31,SW17,Partner Dealer,EV Specialists,Dec 2026,2026-06-04,57,£847 below similar listings,/images/cars/honda-civic.jpg,https://example.invalid/listing/647
648,Mazda 3 SE-L #648,Mazda,3,SE-L,16592,2025,100776,Electric,Manual,38,SW18,eBay,AutoMart London,Dec 2026,2026-06-05,58,£848 below similar listings,/images/cars/mazda-3.jpg,https://example.invalid/listing/648
649,Volkswagen Golf 1.5 TSI #649,Volkswagen,Golf,1.5 TSI,16971,2015,100913,Petrol,Automatic,45,SW19,Dealer Site,City Motors,Dec 2026,2026-06-06,59,£849 below similar listings,/images/cars/vw-golf.jpg,https://example.invalid/listing/649
650,Ford Fiesta Titanium #650,Ford,Fiesta,Titanium,17350,2016,101050,Diesel,Manual,52,SW0,Local Garage,Premium Cars Ltd,Dec 2026,2026-06-07,60,£850 below similar listings,/images/cars/ford-fiesta.jpg,https://example.invalid/listing/650
651,BMW 118i Sport #651,BMW,118i,Sport,17729,2017,101187,Hybrid,Automatic,59,SW1,Partner Dealer,Green Drive Motors,Dec 2026,2026-06-08,61,£851 below similar listings,/images/cars/bmw-1-series.jpg,https://example.invalid/listing/651
652,Toyota Yaris Hybrid #652,Toyota,Yaris,Hybrid,18108,2018,101324,Electric,Manual,66,SW2,eBay,Direct Autos,Dec 2026,2026-06-09,62,£852 below similar listings,/images/cars/toyota-yaris.jpg,https://example.invalid/listing/652
653,Audi A3 TDI Sport #653,Audi,A3,TDI Sport,18487,2019,101461,Petrol,Automatic,73,SW3,Dealer Site,EV Specialists,Dec 2026,2026-06-10,63,£853 below similar listings,/images/cars/audi-a3.jpg,https://example.invalid/listing/653
654,Nissan Leaf Tekna #654,Nissan,Leaf,Tekna,18866,2020,101598,Diesel,Manual,80,SW4,Local Garage,AutoMart London,Dec 2026,2026-06-11,64,£854 below similar listings,/images/cars/nissan-leaf.jpg,https://example.invalid/listing/654
655,Honda Civic i-VTEC #655,Honda,Civic,i-VTEC,19245,2021,101735,Hybrid,Automatic,87,SW5,Partner Dealer,City Motors,Dec 2026,2026-06-12,65,£855 below similar listings,/images/cars/honda-civic.jpg,https://example.invalid/listing/655
656,Mazda 3 SE-L #656,Mazda,3,SE-L,19624,2022,101872,Electric,Manual,94,SW6,eBay,Premium Cars Ltd,Dec 2026,2026-06-13,66,£856 below similar listings,/images/cars/mazda-3.jpg,https://example.invalid/listing/656
657,Volkswagen Golf 1.5 TSI #657,Volkswagen,Golf,1.5 TSI,20003,2023,102009,Petrol,Automatic,101,SW7,Dealer Site,Green Drive Motors,Dec 2026,2026-06-14,67,£857 below similar listings,/images/cars/vw-golf.jpg,https://example.invalid/listing/657
658,Ford Fiesta Titanium #658,Ford,Fiesta,Titanium,20382,2024,102146,Diesel,Manual,108,SW8,Local Garage,Direct Autos,Dec 2026,2026-06-15,68,£858 below similar listings,/images/cars/ford-fiesta.jpg,https://example.invalid/listing/658
659,BMW 118i Sport #659,BMW,118i,Sport,20761,2025,102283,Hybrid,Automatic,115,SW9,Partner Dealer,EV Specialists,Dec 2026,2026-06-16,69,£859 below similar listings,/images/cars/bmw-1-series.jpg,https://example.invalid/listing/659
660,Toyota Yaris Hybrid #660,Toyota,Yaris,Hybrid,21140,2015,102420,Electric,Manual,122,SW10,eBay,AutoMart London,Dec 2026,2026-06-17,70,£860 below similar listings,/images/cars/toyota-yaris.jpg,https://example.invalid/listing/660
661,Audi A3 TDI Sport #661,Audi,A3,TDI Sport,21519,2016,102557,Petrol,Automatic,129,SW11,Dealer Site,City Motors,Dec 2026,2026-06-18,71,£861 below similar listings,/images/cars/audi-a3.jpg,https://example.invalid/listing/661
662,Nissan Leaf Tekna #662,Nissan,Leaf,Tekna,21898,2017,102694,Diesel,Manual,136,SW12,Local Garage,Premium Cars Ltd,Dec 2026,2026-06-19,72,£862 below similar listings,/images/cars/nissan-leaf.jpg,https://example.invalid/listing/662
663,Honda Civic i-VTEC #663,Honda,Civic,i-VTEC,22277,2018,102831,Hybrid,Automatic,143,SW13,Partner Dealer,Green Drive Motors,Dec 2026,2026-06-20,73,£863 below similar listings,/images/cars/honda-civic.jpg,https://example.invalid/listing/663
664,Mazda 3 SE-L #664,Mazda,3,SE-L,22656,2019,102968,Electric,Manual,150,SW14,eBay,Direct Autos,Dec 2026,2026-06-21,74,£864 below similar listings,/images/cars/mazda-3.jpg,https://example.invalid/listing/664
665,Volkswagen Golf 1.5 TSI #665,Volkswagen,Golf,1.5 TSI,23035,2020,103105,Petrol,Automatic,7,SW15,Dealer Site,EV Specialists,Dec 2026,2026-06-22,75,£865 below similar listings,/images/cars/vw-golf.jpg,https://example.invalid/listing/665
666,Ford Fiesta Titanium #666,Ford,Fiesta,Titanium,23414,2021,103242,Diesel,Manual,14,SW16,Local Garage,AutoMart London,Dec 2026,2026-06-23,76,£866 below similar listings,/images/cars/ford-fiesta.jpg,https://example.invalid/listing/666
667,BMW 118i Sport #667,BMW,118i,Sport,23793,2022,103379,Hybrid,Automatic,21,SW17,Partner Dealer,City Motors,Dec 2026,2026-06-24,77,£867 below similar listings,/images/cars/bmw-1-series.jpg,https://example.invalid/listing/667
668,Toyota Yaris Hybrid #668,Toyota,Yaris,Hybrid,24172,2023,103516,Electric,Manual,28,SW18,eBay,Premium Cars Ltd,Dec 2026,2026-06-25,78,£868 below similar listings,/images/cars/toyota-yaris.jpg,https://example.invalid/listing/668
669,Audi A3 TDI Sport #669,Audi,A3,TDI Sport,24551,2024,103653,Petrol,Automatic,35,SW19,Dealer Site,Green Drive Motors,Dec 2026,2026-06-26,79,£869 below similar listings,/images/cars/audi-a3.jpg,https://example.invalid/listing/669
670,Nissan Leaf Tekna #670,Nissan,Leaf,Tekna,24930,2025,103790,Diesel,Manual,42,SW0,Local Garage,Direct Autos,Dec 2026,2026-06-27,80,£870 below similar listings,/images/cars/nissan-leaf.jpg,https://example.invalid/listing/670
671,Honda Civic i-VTEC #671,Honda,Civic,i-VTEC,25309,2015,103927,Hybrid,Automatic,49,SW1,Partner Dealer,EV Specialists,Dec 2026,2026-06-28,81,£871 below similar listings,/images/cars/honda-civic.jpg,https://example.invalid/listing/671
672,Mazda 3 SE-L #672,Mazda,3,SE-L,25688,2016,104064,Electric,Manual,56,SW2,eBay,AutoMart London,Dec 2026,2026-06-01,82,£872 below similar listings,/images/cars/mazda-3.jpg,https://example.invalid/listing/672
673,Volkswagen Golf 1.5 TSI #673,Volkswagen,Golf,1.5 TSI,26067,2017,104201,Petrol,Automatic,63,SW3,Dealer Site,City Motors,Dec 2026,2026-06-02,83,£873 below similar listings,/images/cars/vw-golf.jpg,https://example.invalid/listing/673
674,Ford Fiesta Titanium #674,Ford,Fiesta,Titanium,26446,2018,104338,Diesel,Manual,70,SW4,Local Garage,Premium Cars Ltd,Dec 2026,2026-06-03,84,£874 below similar listings,/images/cars/ford-fiesta.jpg,https://example.invalid/listing/674
675,BMW 118i Sport #675,BMW,118i,Sport,26825,2019,104475,Hybrid,Automatic,77,SW5,Partner Dealer,Green Drive Motors,Dec 2026,2026-06-04,85,£875 below similar listings,/images/cars/bmw-1-series.jpg,https://example.invalid/listing/675
676,Toyota Yaris Hybrid #676,Toyota,Yaris,Hybrid,27204,2020,104612,Electric,Manual,84,SW6,eBay,Direct Autos,Dec 2026,2026-06-05,86,£876 below similar listings,/images/cars/toyota-yaris.jpg,https://example.invalid/listing/676
677,Audi A3 TDI Sport #677,Audi,A3,TDI Sport,27583,2021,104749,Petrol,Automatic,91,SW7,Dealer Site,EV Specialists,Dec 2026,2026-06-06,87,£877 below similar listings,/images/cars/audi-a3.jpg,https://example.invalid/listing/677
678,Nissan Leaf Tekna #678,Nissan,Leaf,Tekna,27962,2022,104886,Diesel,Manual,98,SW8,Local Garage,AutoMart London,Dec 2026,2026-06-07,88,£878 below similar listings,/images/cars/nissan-leaf.jpg,https://example.invalid/listing/678
679,Honda Civic i-VTEC #679,Honda,Civic,i-VTEC,28341,2023,105023,Hybrid,Automatic,105,SW9,Partner Dealer,City Motors,Dec 2026,2026-06-08,89,£879 below similar listings,/images/cars/honda-civic.jpg,https://example.invalid/listing/679
680,Mazda 3 SE-L #680,Mazda,3,SE-L,28720,2024,105160,Electric,Manual,112,SW10,eBay,Premium Cars Ltd,Dec 2026,2026-06-09,90,£880 below similar listings,/images/cars/mazda-3.jpg,https://example.invalid/listing/680
681,Volkswagen Golf 1.5 TSI #681,Volkswagen,Golf,1.5 TSI,29099,2025,105297,Petrol,Automatic,119,SW11,Dealer Site,Green Drive Motors,Dec 2026,2026-06-10,91,£881 below similar listings,/images/cars/vw-golf.jpg,https://example.invalid/listing/681
682,Ford Fiesta Titanium #682,Ford,Fiesta,Titanium,29478,2015,105434,Diesel,Manual,126,SW12,Local Garage,Direct Autos,Dec 2026,2026-06-11,92,£882 below similar listings,/images/cars/ford-fiesta.jpg,https://example.invalid/listing/682
683,BMW 118i Sport #683,BMW,118i,Sport,29857,2016,105571,Hybrid,Automatic,133,SW13,Partner Dealer,EV Specialists,Dec 2026,2026-06-12,93,£883 below similar listings,/images/cars/bmw-1-series.jpg,https://example.invalid/listing/683
684,Toyota Yaris Hybrid #684,Toyota,Yaris,Hybrid,30236,2017,105708,Electric,Manual,140,SW14,eBay,AutoMart London,Dec 2026,2026-06-13,94,£884 below similar listings,/images/cars/toyota-yaris.jpg,https://example.invalid/listing/684
685,Audi A3 TDI Sport #685,Audi,A3,TDI Sport,30615,2018,105845,Petrol,Automatic,147,SW15,Dealer Site,City Motors,Dec 2026,2026-06-14,95,£885 below similar listings,/images/cars/audi-a3.jpg,https://example.invalid/listing/685
686,Nissan Leaf Tekna #686,Nissan,Leaf,Tekna,30994,2019,105982,Diesel,Manual,4,SW16,Local Garage,Premium Cars Ltd,Dec 2026,2026-06-15,96,£886 below similar listings,/images/cars/nissan-leaf.jpg,https://example.invalid/listing/686
687,Honda Civic i-VTEC #687,Honda,Civic,i-VTEC,5373,2020,106119,Hybrid,Automatic,11,SW17,Partner Dealer,Green Drive Motors,Dec 2026,2026-06-16,97,£887 below similar listings,/images/cars/honda-civic.jpg,https://example.invalid/listing/687
688,Mazda 3 SE-L #688,Mazda,3,SE-L,5752,2021,106256,Electric,Manual,18,SW18,eBay,Direct Autos,Dec 2026,2026-06-17,55,£888 below similar listings,/images/cars/mazda-3.jpg,https://example.invalid/listing/688
689,Volkswagen Golf 1.5 TSI #689,Volkswagen,Golf,1.5 TSI,6131,2022,106393,Petrol,Automatic,25,SW19,Dealer Site,EV Specialists,Dec 2026,2026-06-18,56,£889 below similar listings,/images/cars/vw-golf.jpg,https://example.invalid/listing/689
690,Ford Fiesta Titanium #690,Ford,Fiesta,Titanium,6510,2023,106530,Diesel,Manual,32,SW0,Local Garage,AutoMart London,Dec 2026,2026-06-19,57,£890 below similar listings,/images/cars/ford-fiesta.jpg,https://example.invalid/listing/690
691,BMW 118i Sport #691,BMW,118i,Sport,6889,2024,106667,Hybrid,Automatic,39,SW1,Partner Dealer,City Motors,Dec 2026,2026-06-20,58,£891 below similar listings,/images/cars/bmw-1-series.jpg,https://example.invalid/listing/691
692,Toyota Yaris Hybrid #692,Toyota,Yaris,Hybrid,7268,2025,106804,Electric,Manual,46,SW2,eBay,Premium Cars Ltd,Dec 2026,2026-06-21,59,£892 below similar listings,/images/cars/toyota-yaris.jpg,https://example.invalid/listing/692
693,Audi A3 TDI Sport #693,Audi,A3,TDI Sport,7647,2015,106941,Petrol,Automatic,53,SW3,Dealer Site,Green Drive Motors,Dec 2026,2026-06-22,60,£893 below similar listings,/images/cars/audi-a3.jpg,https://example.invalid/listing/693
694,Nissan Leaf Tekna #694,Nissan,Leaf,Tekna,8026,2016,12078,Diesel,Manual,60,SW4,Local Garage,Direct Autos,Dec 2026,2026-06-23,61,£894 below similar listings,/images/cars/nissan-leaf.jpg,https://example.invalid/listing/694
695,Honda Civic i-VTEC #695,Honda,Civic,i-VTEC,8405,2017,12215,Hybrid,Automatic,67,SW5,Partner Dealer,EV Specialists,Dec 2026,2026-06-24,62,£895 below similar listings,/images/cars/honda-civic.jpg,https://example.invalid/listing/695
696,Mazda 3 SE-L #696,Mazda,3,SE-L,8784,2018,12352,Electric,Manual,74,SW6,eBay,AutoMart London,Dec 2026,2026-06-25,63,£896 below similar listings,/images/cars/mazda-3.jpg,https://example.invalid/listing/696
697,Volkswagen Golf 1.5 TSI #697,Volkswagen,Golf,1.5 TSI,9163,2019,12489,Petrol,Automatic,81,SW7,Dealer Site,City Motors,Dec 2026,2026-06-26,64,£897 below similar listings,/images/cars/vw-golf.jpg,https://example.invalid/listing/697
698,Ford Fiesta Titanium #698,Ford,Fiesta,Titanium,9542,2020,12626,Diesel,Manual,88,SW8,Local Garage,Premium Cars Ltd,Dec 2026,2026-06-27,65,£898 below similar listings,/images/cars/ford-fiesta.jpg,https://example.invalid/listing/698
699,BMW 118i Sport #699,BMW,118i,Sport,9921,2021,12763,Hybrid,Automatic,95,SW9,Partner Dealer,Green Drive Motors,Dec 2026,2026-06-28,66,£899 below similar listings,/images/cars/bmw-1-series.jpg,https://example.invalid/listing/699
700,Toyota Yaris Hybrid #700,Toyota,Yaris,Hybrid,10300,2022,12900,Electric,Manual,102,SW10,eBay,Direct Autos,Dec 2026,2026-06-01,67,£900 below similar listings,/images/cars/toyota-yaris.jpg,https://example.invalid/listing/700
701,Audi A3 TDI Sport #701,Audi,A3,TDI Sport,10679,2023,13037,Petrol,Automatic,109,SW11,Dealer Site,EV Specialists,Dec 2026,2026-06-02,68,£901 below similar listings,/images/cars/audi-a3.jpg,https://example.invalid/listing/701
702,Nissan Leaf Tekna #702,Nissan,Leaf,Tekna,11058,2024,13174,Diesel,Manual,116,SW12,Local Garage,AutoMart London,Dec 2026,2026-06-03,69,£902 below similar listings,/images/cars/nissan-leaf.jpg,https://example.invalid/listing/702
703,Honda Civic i-VTEC #703,Honda,Civic,i-VTEC,11437,2025,13311,Hybrid,Automatic,123,SW13,Partner Dealer,City Motors,Dec 2026,2026-06-04,70,£903 below similar listings,/images/cars/honda-civic.jpg,https://example.invalid/listing/703
704,Mazda 3 SE-L #704,Mazda,3,SE-L,11816,2015,13448,Electric,Manual,130,SW14,eBay,Premium Cars Ltd,Dec 2026,2026-06-05,71,£904 below similar listings,/images/cars/mazda-3.jpg,https://example.invalid/listing/704
705,Volkswagen Golf 1.5 TSI #705,Volkswagen,Golf,1.5 TSI,12195,2016,13585,Petrol,Automatic,137,SW15,Dealer Site,Green Drive Motors,Dec 2026,2026-06-06,72,£905 below similar listings,/images/cars/vw-golf.jpg,https://example.invalid/listing/705
706,Ford Fiesta Titanium #706,Ford,Fiesta,Titanium,12574,2017,13722,Diesel,Manual,144,SW16,Local Garage,Direct Autos,Dec 2026,2026-06-07,73,£906 below similar listings,/images/cars/ford-fiesta.jpg,https://example.invalid/listing/706
707,BMW 118i Sport #707,BMW,118i,Sport,12953,2018,13859,Hybrid,Automatic,151,SW17,Partner Dealer,EV Specialists,Dec 2026,2026-06-08,74,£907 below similar listings,/images/cars/bmw-1-series.jpg,https://example.invalid/listing/707
708,Toyota Yaris Hybrid #708,Toyota,Yaris,Hybrid,13332,2019,13996,Electric,Manual,8,SW18,eBay,AutoMart London,Dec 2026,2026-06-09,75,£908 below similar listings,/images/cars/toyota-yaris.jpg,https://example.invalid/listing/708
709,Audi A3 TDI Sport #709,Audi,A3,TDI Sport,13711,2020,14133,Petrol,Automatic,15,SW19,Dealer Site,City Motors,Dec 2026,2026-06-10,76,£909 below similar listings,/images/cars/audi-a3.jpg,https://example.invalid/listing/709
710,Nissan Leaf Tekna #710,Nissan,Leaf,Tekna,14090,2021,14270,Diesel,Manual,22,SW0,Local Garage,Premium Cars Ltd,Dec 2026,2026-06-11,77,£910 below similar listings,/images/cars/nissan-leaf.jpg,https://example.invalid/listing/710
711,Honda Civic i-VTEC #711,Honda,Civic,i-VTEC,14469,2022,14407,Hybrid,Automatic,29,SW1,Partner Dealer,Green Drive Motors,Dec 2026,2026-06-12,78,£911 below similar listings,/images/cars/honda-civic.jpg,https://example.invalid/listing/711
712,Mazda 3 SE-L #712,Mazda,3,SE-L,14848,2023,14544,Electric,Manual,36,SW2,eBay,Direct Autos,Dec 2026,2026-06-13,79,£912 below similar listings,/images/cars/mazda-3.jpg,https://example.invalid/listing/712
713,Volkswagen Golf 1.5 TSI #713,Volkswagen,Golf,1.5 TSI,15227,2024,14681,Petrol,Automatic,43,SW3,Dealer Site,EV Specialists,Dec 2026,2026-06-14,80,£913 below similar listings,/images/cars/vw-golf.jpg,https://example.invalid/listing/713
714,Ford Fiesta Titanium #714,Ford,Fiesta,Titanium,15606,2025,14818,Diesel,Manual,50,SW4,Local Garage,AutoMart London,Dec 2026,2026-06-15,81,£914 below similar listings,/images/cars/ford-fiesta.jpg,https://example.invalid/listing/714
715,BMW 118i Sport #715,BMW,118i,Sport,15985,2015,14955,Hybrid,Automatic,57,SW5,Partner Dealer,City Motors,Dec 2026,2026-06-16,82,£915 below similar listings,/images/cars/bmw-1-series.jpg,https://example.invalid/listing/715
716,Toyota Yaris Hybrid #716,Toyota,Yaris,Hybrid,16364,2016,15092,Electric,Manual,64,SW6,eBay,Premium Cars Ltd,Dec 2026,2026-06-17,83,£916 below similar listings,/images/cars/toyota-yaris.jpg,https://example.invalid/listing/716
717,Audi A3 TDI Sport #717,Audi,A3,TDI Sport,16743,2017,15229,Petrol,Automatic,71,SW7,Dealer Site,Green Drive Motors,Dec 2026,2026-06-18,84,£917 below similar listings,/images/cars/audi-a3.jpg,https://example.invalid/listing/717
718,Nissan Leaf Tekna #718,Nissan,Leaf,Tekna,17122,2018,15366,Diesel,Manual,78,SW8,Local Garage,Direct Autos,Dec 2026,2026-06-19,85,£918 below similar listings,/images/cars/nissan-leaf.jpg,https://example.invalid/listing/718
719,Honda Civic i-VTEC #719,Honda,Civic,i-VTEC,17501,2019,15503,Hybrid,Automatic,85,SW9,Partner Dealer,EV Specialists,Dec 2026,2026-06-20,86,£919 below similar listings,/images/cars/honda-civic.jpg,https://example.invalid/listing/719
720,Mazda 3 SE-L #720,Mazda,3,SE-L,17880,2020,15640,Electric,Manual,92,SW10,eBay,AutoMart London,Dec 2026,2026-06-21,87,£920 below similar listings,/images/cars/mazda-3.jpg,https://example.invalid/listing/720
721,Volkswagen Golf 1.5 TSI #721,Volkswagen,Golf,1.5 TSI,18259,2021,15777,Petrol,Automatic,99,SW11,Dealer Site,City Motors,Dec 2026,2026-06-22,88,£921 below similar listings,/images/cars/vw-golf.jpg,https://example.invalid/listing/721
722,Ford Fiesta Titanium #722,Ford,Fiesta,Titanium,18638,2022,15914,Diesel,Manual,106,SW12,Local Garage,Premium Cars Ltd,Dec 2026,2026-06-23,89,£922 below similar listings,/images/cars/ford-fiesta.jpg,https://example.invalid/listing/722
723,BMW 118i Sport #723,BMW,118i,Sport,19017,2023,16051,Hybrid,Automatic,113,SW13,Partner Dealer,Green Drive Motors,Dec 2026,2026-06-24,90,£923 below similar listings,/images/cars/bmw-1-series.jpg,https://example.invalid/listing/723
724,Toyota Yaris Hybrid #724,Toyota,Yaris,Hybrid,19396,2024,16188,Electric,Manual,120,SW14,eBay,Direct Autos,Dec 2026,2026-06-25,91,£924 below similar listings,/images/cars/toyota-yaris.jpg,https://example.invalid/listing/724
725,Audi A3 TDI Sport #725,Audi,A3,TDI Sport,19775,2025,16325,Petrol,Automatic,127,SW15,Dealer Site,EV Specialists,Dec 2026,2026-06-26,92,£925 below similar listings,/images/cars/audi-a3.jpg,https://example.invalid/listing/725
726,Nissan Leaf Tekna #726,Nissan,Leaf,Tekna,20154,2015,16462,Diesel,Manual,134,SW16,Local Garage,AutoMart London,Dec 2026,2026-06-27,93,£926 below similar listings,/images/cars/nissan-leaf.jpg,https://example.invalid/listing/726
727,Honda Civic i-VTEC #727,Honda,Civic,i-VTEC,20533,2016,16599,Hybrid,Automatic,141,SW17,Partner Dealer,City Motors,Dec 2026,2026-06-28,94,£927 below similar listings,/images/cars/honda-civic.jpg,https://example.invalid/listing/727
728,Mazda 3 SE-L #728,Mazda,3,SE-L,20912,2017,16736,Electric,Manual,148,SW18,eBay,Premium Cars Ltd,Dec 2026,2026-06-01,95,£928 below similar listings,/images/cars/mazda-3.jpg,https://example.invalid/listing/728
729,Volkswagen Golf 1.5 TSI #729,Volkswagen,Golf,1.5 TSI,21291,2018,16873,Petrol,Automatic,5,SW19,Dealer Site,Green Drive Motors,Dec 2026,2026-06-02,96,£929 below similar listings,/images/cars/vw-golf.jpg,https://example.invalid/listing/729
730,Ford Fiesta Titanium #730,Ford,Fiesta,Titanium,21670,2019,17010,Diesel,Manual,12,SW0,Local Garage,Direct Autos,Dec 2026,2026-06-03,97,£930 below similar listings,/images/cars/ford-fiesta.jpg,https://example.invalid/listing/730
731,BMW 118i Sport #731,BMW,118i,Sport,22049,2020,17147,Hybrid,Automatic,19,SW1,Partner Dealer,EV Specialists,Dec 2026,2026-06-04,55,£931 below similar listings,/images/cars/bmw-1-series.jpg,https://example.invalid/listing/731
732,Toyota Yaris Hybrid #732,Toyota,Yaris,Hybrid,22428,2021,17284,Electric,Manual,26,SW2,eBay,AutoMart London,Dec 2026,2026-06-05,56,£932 below similar listings,/images/cars/toyota-yaris.jpg,https://example.invalid/listing/732
733,Audi A3 TDI Sport #733,Audi,A3,TDI Sport,22807,2022,17421,Petrol,Automatic,33,SW3,Dealer Site,City Motors,Dec 2026,2026-06-06,57,£933 below similar listings,/images/cars/audi-a3.jpg,https://example.invalid/listing/733
734,Nissan Leaf Tekna #734,Nissan,Leaf,Tekna,23186,2023,17558,Diesel,Manual,40,SW4,Local Garage,Premium Cars Ltd,Dec 2026,2026-06-07,58,£934 below similar listings,/images/cars/nissan-leaf.jpg,https://example.invalid/listing/734
735,Honda Civic i-VTEC #735,Honda,Civic,i-VTEC,23565,2024,17695,Hybrid,Automatic,47,SW5,Partner Dealer,Green Drive Motors,Dec 2026,2026-06-08,59,£935 below similar listings,/images/cars/honda-civic.jpg,https://example.invalid/listing/735
736,Mazda 3 SE-L #736,Mazda,3,SE-L,23944,2025,17832,Electric,Manual,54,SW6,eBay,Direct Autos,Dec 2026,2026-06-09,60,£936 below similar listings,/images/cars/mazda-3.jpg,https://example.invalid/listing/736
737,Volkswagen Golf 1.5 TSI #737,Volkswagen,Golf,1.5 TSI,24323,2015,17969,Petrol,Automatic,61,SW7,Dealer Site,EV Specialists,Dec 2026,2026-06-10,61,£937 below similar listings,/images/cars/vw-golf.jpg,https://example.invalid/listing/737
738,Ford Fiesta Titanium #738,Ford,Fiesta,Titanium,24702,2016,18106,Diesel,Manual,68,SW8,Local Garage,AutoMart London,Dec 2026,2026-06-11,62,£938 below similar listings,/images/cars/ford-fiesta.jpg,https://example.invalid/listing/738
739,BMW 118i Sport #739,BMW,118i,Sport,25081,2017,18243,Hybrid,Automatic,75,SW9,Partner Dealer,City Motors,Dec 2026,2026-06-12,63,£939 below similar listings,/images/cars/bmw-1-series.jpg,https://example.invalid/listing/739
740,Toyota Yaris Hybrid #740,Toyota,Yaris,Hybrid,25460,2018,18380,Electric,Manual,82,SW10,eBay,Premium Cars Ltd,Dec 2026,2026-06-13,64,£940 below similar listings,/images/cars/toyota-yaris.jpg,https://example.invalid/listing/740
741,Audi A3 TDI Sport #741,Audi,A3,TDI Sport,25839,2019,18517,Petrol,Automatic,89,SW11,Dealer Site,Green Drive Motors,Dec 2026,2026-06-14,65,£941 below similar listings,/images/cars/audi-a3.jpg,https://example.invalid/listing/741
742,Nissan Leaf Tekna #742,Nissan,Leaf,Tekna,26218,2020,18654,Diesel,Manual,96,SW12,Local Garage,Direct Autos,Dec 2026,2026-06-15,66,£942 below similar listings,/images/cars/nissan-leaf.jpg,https://example.invalid/listing/742
743,Honda Civic i-VTEC #743,Honda,Civic,i-VTEC,26597,2021,18791,Hybrid,Automatic,103,SW13,Partner Dealer,EV Specialists,Dec 2026,2026-06-16,67,£943 below similar listings,/images/cars/honda-civic.jpg,https://example.invalid/listing/743
744,Mazda 3 SE-L #744,Mazda,3,SE-L,26976,2022,18928,Electric,Manual,110,SW14,eBay,AutoMart London,Dec 2026,2026-06-17,68,£944 below similar listings,/images/cars/mazda-3.jpg,https://example.invalid/listing/744
745,Volkswagen Golf 1.5 TSI #745,Volkswagen,Golf,1.5 TSI,27355,2023,19065,Petrol,Automatic,117,SW15,Dealer Site,City Motors,Dec 2026,2026-06-18,69,£945 below similar listings,/images/cars/vw-golf.jpg,https://example.invalid/listing/745
746,Ford Fiesta Titanium #746,Ford,Fiesta,Titanium,27734,2024,19202,Diesel,Manual,124,SW16,Local Garage,Premium Cars Ltd,Dec 2026,2026-06-19,70,£946 below similar listings,/images/cars/ford-fiesta.jpg,https://example.invalid/listing/746
747,BMW 118i Sport #747,BMW,118i,Sport,28113,2025,19339,Hybrid,Automatic,131,SW17,Partner Dealer,Green Drive Motors,Dec 2026,2026-06-20,71,£947 below similar listings,/images/cars/bmw-1-series.jpg,https://example.invalid/listing/747
748,Toyota Yaris Hybrid #748,Toyota,Yaris,Hybrid,28492,2015,19476,Electric,Manual,138,SW18,eBay,Direct Autos,Dec 2026,2026-06-21,72,£948 below similar listings,/images/cars/toyota-yaris.jpg,https://example.invalid/listing/748
749,Audi A3 TDI Sport #749,Audi,A3,TDI Sport,28871,2016,19613,Petrol,Automatic,145,SW19,Dealer Site,EV Specialists,Dec 2026,2026-06-22,73,£949 below similar listings,/images/cars/audi-a3.jpg,https://example.invalid/listing/749
750,Nissan Leaf Tekna #750,Nissan,Leaf,Tekna,29250,2017,19750,Diesel,Manual,2,SW0,Local Garage,AutoMart London,Dec 2026,2026-06-23,74,£950 below similar listings,/images/cars/nissan-leaf.jpg,https://example.invalid/listing/750
751,Honda Civic i-VTEC #751,Honda,Civic,i-VTEC,29629,2018,19887,Hybrid,Automatic,9,SW1,Partner Dealer,City Motors,Dec 2026,2026-06-24,75,£951 below similar listings,/images/cars/honda-civic.jpg,https://example.invalid/listing/751
752,Mazda 3 SE-L #752,Mazda,3,SE-L,30008,2019,20024,Electric,Manual,16,SW2,eBay,Premium Cars Ltd,Dec 2026,2026-06-25,76,£952 below similar listings,/images/cars/mazda-3.jpg,https://example.invalid/listing/752
753,Volkswagen Golf 1.5 TSI #753,Volkswagen,Golf,1.5 TSI,30387,2020,20161,Petrol,Automatic,23,SW3,Dealer Site,Green Drive Motors,Dec 2026,2026-06-26,77,£953 below similar listings,/images/cars/vw-golf.jpg,https://example.invalid/listing/753
754,Ford Fiesta Titanium #754,Ford,Fiesta,Titanium,30766,2021,20298,Diesel,Manual,30,SW4,Local Garage,Direct Autos,Dec 2026,2026-06-27,78,£954 below similar listings,/images/cars/ford-fiesta.jpg,https://example.invalid/listing/754
755,BMW 118i Sport #755,BMW,118i,Sport,5145,2022,20435,Hybrid,Automatic,37,SW5,Partner Dealer,EV Specialists,Dec 2026,2026-06-28,79,£955 below similar listings,/images/cars/bmw-1-series.jpg,https://example.invalid/listing/755
756,Toyota Yaris Hybrid #756,Toyota,Yaris,Hybrid,5524,2023,20572,Electric,Manual,44,SW6,eBay,AutoMart London,Dec 2026,2026-06-01,80,£956 below similar listings,/images/cars/toyota-yaris.jpg,https://example.invalid/listing/756
757,Audi A3 TDI Sport #757,Audi,A3,TDI Sport,5903,2024,20709,Petrol,Automatic,51,SW7,Dealer Site,City Motors,Dec 2026,2026-06-02,81,£957 below similar listings,/images/cars/audi-a3.jpg,https://example.invalid/listing/757
758,Nissan Leaf Tekna #758,Nissan,Leaf,Tekna,6282,2025,20846,Diesel,Manual,58,SW8,Local Garage,Premium Cars Ltd,Dec 2026,2026-06-03,82,£958 below similar listings,/images/cars/nissan-leaf.jpg,https://example.invalid/listing/758
759,Honda Civic i-VTEC #759,Honda,Civic,i-VTEC,6661,2015,20983,Hybrid,Automatic,65,SW9,Partner Dealer,Green Drive Motors,Dec 2026,2026-06-04,83,£959 below similar listings,/images/cars/honda-civic.jpg,https://example.invalid/listing/759
760,Mazda 3 SE-L #760,Mazda,3,SE-L,7040,2016,21120,Electric,Manual,72,SW10,eBay,Direct Autos,Dec 2026,2026-06-05,84,£960 below similar listings,/images/cars/mazda-3.jpg,https://example.invalid/listing/760
761,Volkswagen Golf 1.5 TSI #761,Volkswagen,Golf,1.5 TSI,7419,2017,21257,Petrol,Automatic,79,SW11,Dealer Site,EV Specialists,Dec 2026,2026-06-06,85,£961 below similar listings,/images/cars/vw-golf.jpg,https://example.invalid/listing/761
762,Ford Fiesta Titanium #762,Ford,Fiesta,Titanium,7798,2018,21394,Diesel,Manual,86,SW12,Local Garage,AutoMart London,Dec 2026,2026-06-07,86,£962 below similar listings,/images/cars/ford-fiesta.jpg,https://example.invalid/listing/762
763,BMW 118i Sport #763,BMW,118i,Sport,8177,2019,21531,Hybrid,Automatic,93,SW13,Partner Dealer,City Motors,Dec 2026,2026-06-08,87,£963 below similar listings,/images/cars/bmw-1-series.jpg,https://example.invalid/listing/763
764,Toyota Yaris Hybrid #764,Toyota,Yaris,Hybrid,8556,2020,21668,Electric,Manual,100,SW14,eBay,Premium Cars Ltd,Dec 2026,2026-06-09,88,£964 below similar listings,/images/cars/toyota-yaris.jpg,https://example.invalid/listing/764
765,Audi A3 TDI Sport #765,Audi,A3,TDI Sport,8935,2021,21805,Petrol,Automatic,107,SW15,Dealer Site,Green Drive Motors,Dec 2026,2026-06-10,89,£965 below similar listings,/images/cars/audi-a3.jpg,https://example.invalid/listing/765
766,Nissan Leaf Tekna #766,Nissan,Leaf,Tekna,9314,2022,21942,Diesel,Manual,114,SW16,Local Garage,Direct Autos,Dec 2026,2026-06-11,90,£966 below similar listings,/images/cars/nissan-leaf.jpg,https://example.invalid/listing/766
767,Honda Civic i-VTEC #767,Honda,Civic,i-VTEC,9693,2023,22079,Hybrid,Automatic,121,SW17,Partner Dealer,EV Specialists,Dec 2026,2026-06-12,91,£967 below similar listings,/images/cars/honda-civic.jpg,https://example.invalid/listing/767
768,Mazda 3 SE-L #768,Mazda,3,SE-L,10072,2024,22216,Electric,Manual,128,SW18,eBay,AutoMart London,Dec 2026,2026-06-13,92,£968 below similar listings,/images/cars/mazda-3.jpg,https://example.invalid/listing/768
769,Volkswagen Golf 1.5 TSI #769,Volkswagen,Golf,1.5 TSI,10451,2025,22353,Petrol,Automatic,135,SW19,Dealer Site,City Motors,Dec 2026,2026-06-14,93,£969 below similar listings,/images/cars/vw-golf.jpg,https://example.invalid/listing/769
770,Ford Fiesta Titanium #770,Ford,Fiesta,Titanium,10830,2015,22490,Diesel,Manual,142,SW0,Local Garage,Premium Cars Ltd,Dec 2026,2026-06-15,94,£970 below similar listings,/images/cars/ford-fiesta.jpg,https://example.invalid/listing/770
771,BMW 118i Sport #771,BMW,118i,Sport,11209,2016,22627,Hybrid,Automatic,149,SW1,Partner Dealer,Green Drive Motors,Dec 2026,2026-06-16,95,£971 below similar listings,/images/cars/bmw-1-series.jpg,https://example.invalid/listing/771
772,Toyota Yaris Hybrid #772,Toyota,Yaris,Hybrid,11588,2017,22764,Electric,Manual,6,SW2,eBay,Direct Autos,Dec 2026,2026-06-17,96,£972 below similar listings,/images/cars/toyota-yaris.jpg,https://example.invalid/listing/772
773,Audi A3 TDI Sport #773,Audi,A3,TDI Sport,11967,2018,22901,Petrol,Automatic,13,SW3,Dealer Site,EV Specialists,Dec 2026,2026-06-18,97,£973 below similar listings,/images/cars/audi-a3.jpg,https://example.invalid/listing/773
774,Nissan Leaf Tekna #774,Nissan,Leaf,Tekna,12346,2019,23038,Diesel,Manual,20,SW4,Local Garage,AutoMart London,Dec 2026,2026-06-19,55,£974 below similar listings,/images/cars/nissan-leaf.jpg,https://example.invalid/listing/774
775,Honda Civic i-VTEC #775,Honda,Civic,i-VTEC,12725,2020,23175,Hybrid,Automatic,27,SW5,Partner Dealer,City Motors,Dec 2026,2026-06-20,56,£975 below similar listings,/images/cars/honda-civic.jpg,https://example.invalid/listing/775
776,Mazda 3 SE-L #776,Mazda,3,SE-L,13104,2021,23312,Electric,Manual,34,SW6,eBay,Premium Cars Ltd,Dec 2026,2026-06-21,57,£976 below similar listings,/images/cars/mazda-3.jpg,https://example.invalid/listing/776
777,Volkswagen Golf 1.5 TSI #777,Volkswagen,Golf,1.5 TSI,13483,2022,23449,Petrol,Automatic,41,SW7,Dealer Site,Green Drive Motors,Dec 2026,2026-06-22,58,£977 below similar listings,/images/cars/vw-golf.jpg,https://example.invalid/listing/777
778,Ford Fiesta Titanium #778,Ford,Fiesta,Titanium,13862,2023,23586,Diesel,Manual,48,SW8,Local Garage,Direct Autos,Dec 2026,2026-06-23,59,£978 below similar listings,/images/cars/ford-fiesta.jpg,https://example.invalid/listing/778
779,BMW 118i Sport #779,BMW,118i,Sport,14241,2024,23723,Hybrid,Automatic,55,SW9,Partner Dealer,EV Specialists,Dec 2026,2026-06-24,60,£979 below similar listings,/images/cars/bmw-1-series.jpg,https://example.invalid/listing/779
780,Toyota Yaris Hybrid #780,Toyota,Yaris,Hybrid,14620,2025,23860,Electric,Manual,62,SW10,eBay,AutoMart London,Dec 2026,2026-06-25,61,£980 below similar listings,/images/cars/toyota-yaris.jpg,https://example.invalid/listing/780
781,Audi A3 TDI Sport #781,Audi,A3,TDI Sport,14999,2015,23997,Petrol,Automatic,69,SW11,Dealer Site,City Motors,Dec 2026,2026-06-26,62,£981 below similar listings,/images/cars/audi-a3.jpg,https://example.invalid/listing/781
782,Nissan Leaf Tekna #782,Nissan,Leaf,Tekna,15378,2016,24134,Diesel,Manual,76,SW12,Local Garage,Premium Cars Ltd,Dec 2026,2026-06-27,63,£982 below similar listings,/images/cars/nissan-leaf.jpg,https://example.invalid/listing/782
783,Honda Civic i-VTEC #783,Honda,Civic,i-VTEC,15757,2017,24271,Hybrid,Automatic,83,SW13,Partner Dealer,Green Drive Motors,Dec 2026,2026-06-28,64,£983 below similar listings,/images/cars/honda-civic.jpg,https://example.invalid/listing/783
784,Mazda 3 SE-L #784,Mazda,3,SE-L,16136,2018,24408,Electric,Manual,90,SW14,eBay,Direct Autos,Dec 2026,2026-06-01,65,£984 below similar listings,/images/cars/mazda-3.jpg,https://example.invalid/listing/784
785,Volkswagen Golf 1.5 TSI #785,Volkswagen,Golf,1.5 TSI,16515,2019,24545,Petrol,Automatic,97,SW15,Dealer Site,EV Specialists,Dec 2026,2026-06-02,66,£985 below similar listings,/images/cars/vw-golf.jpg,https://example.invalid/listing/785
786,Ford Fiesta Titanium #786,Ford,Fiesta,Titanium,16894,2020,24682,Diesel,Manual,104,SW16,Local Garage,AutoMart London,Dec 2026,2026-06-03,67,£986 below similar listings,/images/cars/ford-fiesta.jpg,https://example.invalid/listing/786
787,BMW 118i Sport #787,BMW,118i,Sport,17273,2021,24819,Hybrid,Automatic,111,SW17,Partner Dealer,City Motors,Dec 2026,2026-06-04,68,£987 below similar listings,/images/cars/bmw-1-series.jpg,https://example.invalid/listing/787
788,Toyota Yaris Hybrid #788,Toyota,Yaris,Hybrid,17652,2022,24956,Electric,Manual,118,SW18,eBay,Premium Cars Ltd,Dec 2026,2026-06-05,69,£988 below similar listings,/images/cars/toyota-yaris.jpg,https://example.invalid/listing/788
789,Audi A3 TDI Sport #789,Audi,A3,TDI Sport,18031,2023,25093,Petrol,Automatic,125,SW19,Dealer Site,Green Drive Motors,Dec 2026,2026-06-06,70,£989 below similar listings,/images/cars/audi-a3.jpg,https://example.invalid/listing/789
790,Nissan Leaf Tekna #790,Nissan,Leaf,Tekna,18410,2024,25230,Diesel,Manual,132,SW0,Local Garage,Direct Autos,Dec 2026,2026-06-07,71,£990 below similar listings,/images/cars/nissan-leaf.jpg,https://example.invalid/listing/790
791,Honda Civic i-VTEC #791,Honda,Civic,i-VTEC,18789,2025,25367,Hybrid,Automatic,139,SW1,Partner Dealer,EV Specialists,Dec 2026,2026-06-08,72,£991 below similar listings,/images/cars/honda-civic.jpg,https://example.invalid/listing/791
792,Mazda 3 SE-L #792,Mazda,3,SE-L,19168,2015,25504,Electric,Manual,146,SW2,eBay,AutoMart London,Dec 2026,2026-06-09,73,£992 below similar listings,/images/cars/mazda-3.jpg,https://example.invalid/listing/792
793,Volkswagen Golf 1.5 TSI #793,Volkswagen,Golf,1.5 TSI,19547,2016,25641,Petrol,Automatic,3,SW3,Dealer Site,City Motors,Dec 2026,2026-06-10,74,£993 below similar listings,/images/cars/vw-golf.jpg,https://example.invalid/listing/793
794,Ford Fiesta Titanium #794,Ford,Fiesta,Titanium,19926,2017,25778,Diesel,Manual,10,SW4,Local Garage,Premium Cars Ltd,Dec 2026,2026-06-11,75,£994 below similar listings,/images/cars/ford-fiesta.jpg,https://example.invalid/listing/794
795,BMW 118i Sport #795,BMW,118i,Sport,20305,2018,25915,Hybrid,Automatic,17,SW5,Partner Dealer,Green Drive Motors,Dec 2026,2026-06-12,76,£995 below similar listings,/images/cars/bmw-1-series.jpg,https://example.invalid/listing/795
796,Toyota Yaris Hybrid #796,Toyota,Yaris,Hybrid,20684,2019,26052,Electric,Manual,24,SW6,eBay,Direct Autos,Dec 2026,2026-06-13,77,£996 below similar listings,/images/cars/toyota-yaris.jpg,https://example.invalid/listing/796
797,Audi A3 TDI Sport #797,Audi,A3,TDI Sport,21063,2020,26189,Petrol,Automatic,31,SW7,Dealer Site,EV Specialists,Dec 2026,2026-06-14,78,£997 below similar listings,/images/cars/audi-a3.jpg,https://example.invalid/listing/797
798,Nissan Leaf Tekna #798,Nissan,Leaf,Tekna,21442,2021,26326,Diesel,Manual,38,SW8,Local Garage,AutoMart London,Dec 2026,2026-06-15,79,£998 below similar listings,/images/cars/nissan-leaf.jpg,https://example.invalid/listing/798
799,Honda Civic i-VTEC #799,Honda,Civic,i-VTEC,21821,2022,26463,Hybrid,Automatic,45,SW9,Partner Dealer,City Motors,Dec 2026,2026-06-16,80,£999 below similar listings,/images/cars/honda-civic.jpg,https://example.invalid/listing/799
800,Mazda 3 SE-L #800,Mazda,3,SE-L,22200,2023,26600,Electric,Manual,52,SW10,eBay,Premium Cars Ltd,Dec 2026,2026-06-17,81,£1000 below similar listings,/images/cars/mazda-3.jpg,https://example.invalid/listing/800
801,Volkswagen Golf 1.5 TSI #801,Volkswagen,Golf,1.5 TSI,22579,2024,26737,Petrol,Automatic,59,SW11,Dealer Site,Green Drive Motors,Dec 2026,2026-06-18,82,£1001 below similar listings,/images/cars/vw-golf.jpg,https://example.invalid/listing/801
802,Ford Fiesta Titanium #802,Ford,Fiesta,Titanium,22958,2025,26874,Diesel,Manual,66,SW12,Local Garage,Direct Autos,Dec 2026,2026-06-19,83,£1002 below similar listings,/images/cars/ford-fiesta.jpg,https://example.invalid/listing/802
803,BMW 118i Sport #803,BMW,118i,Sport,23337,2015,27011,Hybrid,Automatic,73,SW13,Partner Dealer,EV Specialists,Dec 2026,2026-06-20,84,£1003 below similar listings,/images/cars/bmw-1-series.jpg,https://example.invalid/listing/803
804,Toyota Yaris Hybrid #804,Toyota,Yaris,Hybrid,23716,2016,27148,Electric,Manual,80,SW14,eBay,AutoMart London,Dec 2026,2026-06-21,85,£1004 below similar listings,/images/cars/toyota-yaris.jpg,https://example.invalid/listing/804
805,Audi A3 TDI Sport #805,Audi,A3,TDI Sport,24095,2017,27285,Petrol,Automatic,87,SW15,Dealer Site,City Motors,Dec 2026,2026-06-22,86,£1005 below similar listings,/images/cars/audi-a3.jpg,https://example.invalid/listing/805
806,Nissan Leaf Tekna #806,Nissan,Leaf,Tekna,24474,2018,27422,Diesel,Manual,94,SW16,Local Garage,Premium Cars Ltd,Dec 2026,2026-06-23,87,£1006 below similar listings,/images/cars/nissan-leaf.jpg,https://example.invalid/listing/806
807,Honda Civic i-VTEC #807,Honda,Civic,i-VTEC,24853,2019,27559,Hybrid,Automatic,101,SW17,Partner Dealer,Green Drive Motors,Dec 2026,2026-06-24,88,£1007 below similar listings,/images/cars/honda-civic.jpg,https://example.invalid/listing/807
808,Mazda 3 SE-L #808,Mazda,3,SE-L,25232,2020,27696,Electric,Manual,108,SW18,eBay,Direct Autos,Dec 2026,2026-06-25,89,£1008 below similar listings,/images/cars/mazda-3.jpg,https://example.invalid/listing/808
809,Volkswagen Golf 1.5 TSI #809,Volkswagen,Golf,1.5 TSI,25611,2021,27833,Petrol,Automatic,115,SW19,Dealer Site,EV Specialists,Dec 2026,2026-06-26,90,£1009 below similar listings,/images/cars/vw-golf.jpg,https://example.invalid/listing/809
810,Ford Fiesta Titanium #810,Ford,Fiesta,Titanium,25990,2022,27970,Diesel,Manual,122,SW0,Local Garage,AutoMart London,Dec 2026,2026-06-27,91,£1010 below similar listings,/images/cars/ford-fiesta.jpg,https://example.invalid/listing/810
811,BMW 118i Sport #811,BMW,118i,Sport,26369,2023,28107,Hybrid,Automatic,129,SW1,Partner Dealer,City Motors,Dec 2026,2026-06-28,92,£1011 below similar listings,/images/cars/bmw-1-series.jpg,https://example.invalid/listing/811
812,Toyota Yaris Hybrid #812,Toyota,Yaris,Hybrid,26748,2024,28244,Electric,Manual,136,SW2,eBay,Premium Cars Ltd,Dec 2026,2026-06-01,93,£1012 below similar listings,/images/cars/toyota-yaris.jpg,https://example.invalid/listing/812
813,Audi A3 TDI Sport #813,Audi,A3,TDI Sport,27127,2025,28381,Petrol,Automatic,143,SW3,Dealer Site,Green Drive Motors,Dec 2026,2026-06-02,94,£1013 below similar listings,/images/cars/audi-a3.jpg,https://example.invalid/listing/813
814,Nissan Leaf Tekna #814,Nissan,Leaf,Tekna,27506,2015,28518,Diesel,Manual,150,SW4,Local Garage,Direct Autos,Dec 2026,2026-06-03,95,£1014 below similar listings,/images/cars/nissan-leaf.jpg,https://example.invalid/listing/814
815,Honda Civic i-VTEC #815,Honda,Civic,i-VTEC,27885,2016,28655,Hybrid,Automatic,7,SW5,Partner Dealer,EV Specialists,Dec 2026,2026-06-04,96,£1015 below similar listings,/images/cars/honda-civic.jpg,https://example.invalid/listing/815
816,Mazda 3 SE-L #816,Mazda,3,SE-L,28264,2017,28792,Electric,Manual,14,SW6,eBay,AutoMart London,Dec 2026,2026-06-05,97,£1016 below similar listings,/images/cars/mazda-3.jpg,https://example.invalid/listing/816
817,Volkswagen Golf 1.5 TSI #817,Volkswagen,Golf,1.5 TSI,28643,2018,28929,Petrol,Automatic,21,SW7,Dealer Site,City Motors,Dec 2026,2026-06-06,55,£1017 below similar listings,/images/cars/vw-golf.jpg,https://example.invalid/listing/817
818,Ford Fiesta Titanium #818,Ford,Fiesta,Titanium,29022,2019,29066,Diesel,Manual,28,SW8,Local Garage,Premium Cars Ltd,Dec 2026,2026-06-07,56,£1018 below similar listings,/images/cars/ford-fiesta.jpg,https://example.invalid/listing/818
819,BMW 118i Sport #819,BMW,118i,Sport,29401,2020,29203,Hybrid,Automatic,35,SW9,Partner Dealer,Green Drive Motors,Dec 2026,2026-06-08,57,£1019 below similar listings,/images/cars/bmw-1-series.jpg,https://example.invalid/listing/819
820,Toyota Yaris Hybrid #820,Toyota,Yaris,Hybrid,29780,2021,29340,Electric,Manual,42,SW10,eBay,Direct Autos,Dec 2026,2026-06-09,58,£1020 below similar listings,/images/cars/toyota-yaris.jpg,https://example.invalid/listing/820
821,Audi A3 TDI Sport #821,Audi,A3,TDI Sport,30159,2022,29477,Petrol,Automatic,49,SW11,Dealer Site,EV Specialists,Dec 2026,2026-06-10,59,£1021 below similar listings,/images/cars/audi-a3.jpg,https://example.invalid/listing/821
822,Nissan Leaf Tekna #822,Nissan,Leaf,Tekna,30538,2023,29614,Diesel,Manual,56,SW12,Local Garage,AutoMart London,Dec 2026,2026-06-11,60,£1022 below similar listings,/images/cars/nissan-leaf.jpg,https://example.invalid/listing/822
823,Honda Civic i-VTEC #823,Honda,Civic,i-VTEC,30917,2024,29751,Hybrid,Automatic,63,SW13,Partner Dealer,City Motors,Dec 2026,2026-06-12,61,£1023 below similar listings,/images/cars/honda-civic.jpg,https://example.invalid/listing/823
824,Mazda 3 SE-L #824,Mazda,3,SE-L,5296,2025,29888,Electric,Manual,70,SW14,eBay,Premium Cars Ltd,Dec 2026,2026-06-13,62,£1024 below similar listings,/images/cars/mazda-3.jpg,https://example.invalid/listing/824
825,Volkswagen Golf 1.5 TSI #825,Volkswagen,Golf,1.5 TSI,5675,2015,30025,Petrol,Automatic,77,SW15,Dealer Site,Green Drive Motors,Dec 2026,2026-06-14,63,£1025 below similar listings,/images/cars/vw-golf.jpg,https://example.invalid/listing/825
826,Ford Fiesta Titanium #826,Ford,Fiesta,Titanium,6054,2016,30162,Diesel,Manual,84,SW16,Local Garage,Direct Autos,Dec 2026,2026-06-15,64,£1026 below similar listings,/images/cars/ford-fiesta.jpg,https://example.invalid/listing/826
827,BMW 118i Sport #827,BMW,118i,Sport,6433,2017,30299,Hybrid,Automatic,91,SW17,Partner Dealer,EV Specialists,Dec 2026,2026-06-16,65,£1027 below similar listings,/images/cars/bmw-1-series.jpg,https://example.invalid/listing/827
828,Toyota Yaris Hybrid #828,Toyota,Yaris,Hybrid,6812,2018,30436,Electric,Manual,98,SW18,eBay,AutoMart London,Dec 2026,2026-06-17,66,£1028 below similar listings,/images/cars/toyota-yaris.jpg,https://example.invalid/listing/828
829,Audi A3 TDI Sport #829,Audi,A3,TDI Sport,7191,2019,30573,Petrol,Automatic,105,SW19,Dealer Site,City Motors,Dec 2026,2026-06-18,67,£1029 below similar listings,/images/cars/audi-a3.jpg,https://example.invalid/listing/829
830,Nissan Leaf Tekna #830,Nissan,Leaf,Tekna,7570,2020,30710,Diesel,Manual,112,SW0,Local Garage,Premium Cars Ltd,Dec 2026,2026-06-19,68,£1030 below similar listings,/images/cars/nissan-leaf.jpg,https://example.invalid/listing/830
831,Honda Civic i-VTEC #831,Honda,Civic,i-VTEC,7949,2021,30847,Hybrid,Automatic,119,SW1,Partner Dealer,Green Drive Motors,Dec 2026,2026-06-20,69,£1031 below similar listings,/images/cars/honda-civic.jpg,https://example.invalid/listing/831
832,Mazda 3 SE-L #832,Mazda,3,SE-L,8328,2022,30984,Electric,Manual,126,SW2,eBay,Direct Autos,Dec 2026,2026-06-21,70,£1032 below similar listings,/images/cars/mazda-3.jpg,https://example.invalid/listing/832
833,Volkswagen Golf 1.5 TSI #833,Volkswagen,Golf,1.5 TSI,8707,2023,31121,Petrol,Automatic,133,SW3,Dealer Site,EV Specialists,Dec 2026,2026-06-22,71,£1033 below similar listings,/images/cars/vw-golf.jpg,https://example.invalid/listing/833
834,Ford Fiesta Titanium #834,Ford,Fiesta,Titanium,9086,2024,31258,Diesel,Manual,140,SW4,Local Garage,AutoMart London,Dec 2026,2026-06-23,72,£1034 below similar listings,/images/cars/ford-fiesta.jpg,https://example.invalid/listing/834
835,BMW 118i Sport #835,BMW,118i,Sport,9465,2025,31395,Hybrid,Automatic,147,SW5,Partner Dealer,City Motors,Dec 2026,2026-06-24,73,£1035 below similar listings,/images/cars/bmw-1-series.jpg,https://example.invalid/listing/835
836,Toyota Yaris Hybrid #836,Toyota,Yaris,Hybrid,9844,2015,31532,Electric,Manual,4,SW6,eBay,Premium Cars Ltd,Dec 2026,2026-06-25,74,£1036 below similar listings,/images/cars/toyota-yaris.jpg,https://example.invalid/listing/836
837,Audi A3 TDI Sport #837,Audi,A3,TDI Sport,10223,2016,31669,Petrol,Automatic,11,SW7,Dealer Site,Green Drive Motors,Dec 2026,2026-06-26,75,£1037 below similar listings,/images/cars/audi-a3.jpg,https://example.invalid/listing/837
838,Nissan Leaf Tekna #838,Nissan,Leaf,Tekna,10602,2017,31806,Diesel,Manual,18,SW8,Local Garage,Direct Autos,Dec 2026,2026-06-27,76,£1038 below similar listings,/images/cars/nissan-leaf.jpg,https://example.invalid/listing/838
839,Honda Civic i-VTEC #839,Honda,Civic,i-VTEC,10981,2018,31943,Hybrid,Automatic,25,SW9,Partner Dealer,EV Specialists,Dec 2026,2026-06-28,77,£1039 below similar listings,/images/cars/honda-civic.jpg,https://example.invalid/listing/839
840,Mazda 3 SE-L #840,Mazda,3,SE-L,11360,2019,32080,Electric,Manual,32,SW10,eBay,AutoMart London,Dec 2026,2026-06-01,78,£1040 below similar listings,/images/cars/mazda-3.jpg,https://example.invalid/listing/840
841,Volkswagen Golf 1.5 TSI #841,Volkswagen,Golf,1.5 TSI,11739,2020,32217,Petrol,Automatic,39,SW11,Dealer Site,City Motors,Dec 2026,2026-06-02,79,£1041 below similar listings,/images/cars/vw-golf.jpg,https://example.invalid/listing/841
842,Ford Fiesta Titanium #842,Ford,Fiesta,Titanium,12118,2021,32354,Diesel,Manual,46,SW12,Local Garage,Premium Cars Ltd,Dec 2026,2026-06-03,80,£1042 below similar listings,/images/cars/ford-fiesta.jpg,https://example.invalid/listing/842
843,BMW 118i Sport #843,BMW,118i,Sport,12497,2022,32491,Hybrid,Automatic,53,SW13,Partner Dealer,Green Drive Motors,Dec 2026,2026-06-04,81,£1043 below similar listings,/images/cars/bmw-1-series.jpg,https://example.invalid/listing/843
844,Toyota Yaris Hybrid #844,Toyota,Yaris,Hybrid,12876,2023,32628,Electric,Manual,60,SW14,eBay,Direct Autos,Dec 2026,2026-06-05,82,£1044 below similar listings,/images/cars/toyota-yaris.jpg,https://example.invalid/listing/844
845,Audi A3 TDI Sport #845,Audi,A3,TDI Sport,13255,2024,32765,Petrol,Automatic,67,SW15,Dealer Site,EV Specialists,Dec 2026,2026-06-06,83,£1045 below similar listings,/images/cars/audi-a3.jpg,https://example.invalid/listing/845
846,Nissan Leaf Tekna #846,Nissan,Leaf,Tekna,13634,2025,32902,Diesel,Manual,74,SW16,Local Garage,AutoMart London,Dec 2026,2026-06-07,84,£1046 below similar listings,/images/cars/nissan-leaf.jpg,https://example.invalid/listing/846
847,Honda Civic i-VTEC #847,Honda,Civic,i-VTEC,14013,2015,33039,Hybrid,Automatic,81,SW17,Partner Dealer,City Motors,Dec 2026,2026-06-08,85,£1047 below similar listings,/images/cars/honda-civic.jpg,https://example.invalid/listing/847
848,Mazda 3 SE-L #848,Mazda,3,SE-L,14392,2016,33176,Electric,Manual,88,SW18,eBay,Premium Cars Ltd,Dec 2026,2026-06-09,86,£1048 below similar listings,/images/cars/mazda-3.jpg,https://example.invalid/listing/848
849,Volkswagen Golf 1.5 TSI #849,Volkswagen,Golf,1.5 TSI,14771,2017,33313,Petrol,Automatic,95,SW19,Dealer Site,Green Drive Motors,Dec 2026,2026-06-10,87,£1049 below similar listings,/images/cars/vw-golf.jpg,https://example.invalid/listing/849
850,Ford Fiesta Titanium #850,Ford,Fiesta,Titanium,15150,2018,33450,Diesel,Manual,102,SW0,Local Garage,Direct Autos,Dec 2026,2026-06-11,88,£1050 below similar listings,/images/cars/ford-fiesta.jpg,https://example.invalid/listing/850
851,BMW 118i Sport #851,BMW,118i,Sport,15529,2019,33587,Hybrid,Automatic,109,SW1,Partner Dealer,EV Specialists,Dec 2026,2026-06-12,89,£1051 below similar listings,/images/cars/bmw-1-series.jpg,https://example.invalid/listing/851
852,Toyota Yaris Hybrid #852,Toyota,Yaris,Hybrid,15908,2020,33724,Electric,Manual,116,SW2,eBay,AutoMart London,Dec 2026,2026-06-13,90,£1052 below similar listings,/images/cars/toyota-yaris.jpg,https://example.invalid/listing/852
853,Audi A3 TDI Sport #853,Audi,A3,TDI Sport,16287,2021,33861,Petrol,Automatic,123,SW3,Dealer Site,City Motors,Dec 2026,2026-06-14,91,£1053 below similar listings,/images/cars/audi-a3.jpg,https://example.invalid/listing/853
854,Nissan Leaf Tekna #854,Nissan,Leaf,Tekna,16666,2022,33998,Diesel,Manual,130,SW4,Local Garage,Premium Cars Ltd,Dec 2026,2026-06-15,92,£1054 below similar listings,/images/cars/nissan-leaf.jpg,https://example.invalid/listing/854
855,Honda Civic i-VTEC #855,Honda,Civic,i-VTEC,17045,2023,34135,Hybrid,Automatic,137,SW5,Partner Dealer,Green Drive Motors,Dec 2026,2026-06-16,93,£1055 below similar listings,/images/cars/honda-civic.jpg,https://example.invalid/listing/855
856,Mazda 3 SE-L #856,Mazda,3,SE-L,17424,2024,34272,Electric,Manual,144,SW6,eBay,Direct Autos,Dec 2026,2026-06-17,94,£1056 below similar listings,/images/cars/mazda-3.jpg,https://example.invalid/listing/856
857,Volkswagen Golf 1.5 TSI #857,Volkswagen,Golf,1.5 TSI,17803,2025,34409,Petrol,Automatic,151,SW7,Dealer Site,EV Specialists,Dec 2026,2026-06-18,95,£1057 below similar listings,/images/cars/vw-golf.jpg,https://example.invalid/listing/857
858,Ford Fiesta Titanium #858,Ford,Fiesta,Titanium,18182,2015,34546,Diesel,Manual,8,SW8,Local Garage,AutoMart London,Dec 2026,2026-06-19,96,£1058 below similar listings,/images/cars/ford-fiesta.jpg,https://example.invalid/listing/858
859,BMW 118i Sport #859,BMW,118i,Sport,18561,2016,34683,Hybrid,Automatic,15,SW9,Partner Dealer,City Motors,Dec 2026,2026-06-20,97,£1059 below similar listings,/images/cars/bmw-1-series.jpg,https://example.invalid/listing/859
860,Toyota Yaris Hybrid #860,Toyota,Yaris,Hybrid,18940,2017,34820,Electric,Manual,22,SW10,eBay,Premium Cars Ltd,Dec 2026,2026-06-21,55,£1060 below similar listings,/images/cars/toyota-yaris.jpg,https://example.invalid/listing/860
861,Audi A3 TDI Sport #861,Audi,A3,TDI Sport,19319,2018,34957,Petrol,Automatic,29,SW11,Dealer Site,Green Drive Motors,Dec 2026,2026-06-22,56,£1061 below similar listings,/images/cars/audi-a3.jpg,https://example.invalid/listing/861
862,Nissan Leaf Tekna #862,Nissan,Leaf,Tekna,19698,2019,35094,Diesel,Manual,36,SW12,Local Garage,Direct Autos,Dec 2026,2026-06-23,57,£1062 below similar listings,/images/cars/nissan-leaf.jpg,https://example.invalid/listing/862
863,Honda Civic i-VTEC #863,Honda,Civic,i-VTEC,20077,2020,35231,Hybrid,Automatic,43,SW13,Partner Dealer,EV Specialists,Dec 2026,2026-06-24,58,£1063 below similar listings,/images/cars/honda-civic.jpg,https://example.invalid/listing/863
864,Mazda 3 SE-L #864,Mazda,3,SE-L,20456,2021,35368,Electric,Manual,50,SW14,eBay,AutoMart London,Dec 2026,2026-06-25,59,£1064 below similar listings,/images/cars/mazda-3.jpg,https://example.invalid/listing/864
865,Volkswagen Golf 1.5 TSI #865,Volkswagen,Golf,1.5 TSI,20835,2022,35505,Petrol,Automatic,57,SW15,Dealer Site,City Motors,Dec 2026,2026-06-26,60,£1065 below similar listings,/images/cars/vw-golf.jpg,https://example.invalid/listing/865
866,Ford Fiesta Titanium #866,Ford,Fiesta,Titanium,21214,2023,35642,Diesel,Manual,64,SW16,Local Garage,Premium Cars Ltd,Dec 2026,2026-06-27,61,£1066 below similar listings,/images/cars/ford-fiesta.jpg,https://example.invalid/listing/866
867,BMW 118i Sport #867,BMW,118i,Sport,21593,2024,35779,Hybrid,Automatic,71,SW17,Partner Dealer,Green Drive Motors,Dec 2026,2026-06-28,62,£1067 below similar listings,/images/cars/bmw-1-series.jpg,https://example.invalid/listing/867
868,Toyota Yaris Hybrid #868,Toyota,Yaris,Hybrid,21972,2025,35916,Electric,Manual,78,SW18,eBay,Direct Autos,Dec 2026,2026-06-01,63,£1068 below similar listings,/images/cars/toyota-yaris.jpg,https://example.invalid/listing/868
869,Audi A3 TDI Sport #869,Audi,A3,TDI Sport,22351,2015,36053,Petrol,Automatic,85,SW19,Dealer Site,EV Specialists,Dec 2026,2026-06-02,64,£1069 below similar listings,/images/cars/audi-a3.jpg,https://example.invalid/listing/869
870,Nissan Leaf Tekna #870,Nissan,Leaf,Tekna,22730,2016,36190,Diesel,Manual,92,SW0,Local Garage,AutoMart London,Dec 2026,2026-06-03,65,£1070 below similar listings,/images/cars/nissan-leaf.jpg,https://example.invalid/listing/870
871,Honda Civic i-VTEC #871,Honda,Civic,i-VTEC,23109,2017,36327,Hybrid,Automatic,99,SW1,Partner Dealer,City Motors,Dec 2026,2026-06-04,66,£1071 below similar listings,/images/cars/honda-civic.jpg,https://example.invalid/listing/871
872,Mazda 3 SE-L #872,Mazda,3,SE-L,23488,2018,36464,Electric,Manual,106,SW2,eBay,Premium Cars Ltd,Dec 2026,2026-06-05,67,£1072 below similar listings,/images/cars/mazda-3.jpg,https://example.invalid/listing/872
873,Volkswagen Golf 1.5 TSI #873,Volkswagen,Golf,1.5 TSI,23867,2019,36601,Petrol,Automatic,113,SW3,Dealer Site,Green Drive Motors,Dec 2026,2026-06-06,68,£1073 below similar listings,/images/cars/vw-golf.jpg,https://example.invalid/listing/873
874,Ford Fiesta Titanium #874,Ford,Fiesta,Titanium,24246,2020,36738,Diesel,Manual,120,SW4,Local Garage,Direct Autos,Dec 2026,2026-06-07,69,£1074 below similar listings,/images/cars/ford-fiesta.jpg,https://example.invalid/listing/874
875,BMW 118i Sport #875,BMW,118i,Sport,24625,2021,36875,Hybrid,Automatic,127,SW5,Partner Dealer,EV Specialists,Dec 2026,2026-06-08,70,£1075 below similar listings,/images/cars/bmw-1-series.jpg,https://example.invalid/listing/875
876,Toyota Yaris Hybrid #876,Toyota,Yaris,Hybrid,25004,2022,37012,Electric,Manual,134,SW6,eBay,AutoMart London,Dec 2026,2026-06-09,71,£1076 below similar listings,/images/cars/toyota-yaris.jpg,https://example.invalid/listing/876
877,Audi A3 TDI Sport #877,Audi,A3,TDI Sport,25383,2023,37149,Petrol,Automatic,141,SW7,Dealer Site,City Motors,Dec 2026,2026-06-10,72,£1077 below similar listings,/images/cars/audi-a3.jpg,https://example.invalid/listing/877
878,Nissan Leaf Tekna #878,Nissan,Leaf,Tekna,25762,2024,37286,Diesel,Manual,148,SW8,Local Garage,Premium Cars Ltd,Dec 2026,2026-06-11,73,£1078 below similar listings,/images/cars/nissan-leaf.jpg,https://example.invalid/listing/878
879,Honda Civic i-VTEC #879,Honda,Civic,i-VTEC,26141,2025,37423,Hybrid,Automatic,5,SW9,Partner Dealer,Green Drive Motors,Dec 2026,2026-06-12,74,£1079 below similar listings,/images/cars/honda-civic.jpg,https://example.invalid/listing/879
880,Mazda 3 SE-L #880,Mazda,3,SE-L,26520,2015,37560,Electric,Manual,12,SW10,eBay,Direct Autos,Dec 2026,2026-06-13,75,£1080 below similar listings,/images/cars/mazda-3.jpg,https://example.invalid/listing/880
881,Volkswagen Golf 1.5 TSI #881,Volkswagen,Golf,1.5 TSI,26899,2016,37697,Petrol,Automatic,19,SW11,Dealer Site,EV Specialists,Dec 2026,2026-06-14,76,£1081 below similar listings,/images/cars/vw-golf.jpg,https://example.invalid/listing/881
882,Ford Fiesta Titanium #882,Ford,Fiesta,Titanium,27278,2017,37834,Diesel,Manual,26,SW12,Local Garage,AutoMart London,Dec 2026,2026-06-15,77,£1082 below similar listings,/images/cars/ford-fiesta.jpg,https://example.invalid/listing/882
883,BMW 118i Sport #883,BMW,118i,Sport,27657,2018,37971,Hybrid,Automatic,33,SW13,Partner Dealer,City Motors,Dec 2026,2026-06-16,78,£1083 below similar listings,/images/cars/bmw-1-series.jpg,https://example.invalid/listing/883
884,Toyota Yaris Hybrid #884,Toyota,Yaris,Hybrid,28036,2019,38108,Electric,Manual,40,SW14,eBay,Premium Cars Ltd,Dec 2026,2026-06-17,79,£1084 below similar listings,/images/cars/toyota-yaris.jpg,https://example.invalid/listing/884
885,Audi A3 TDI Sport #885,Audi,A3,TDI Sport,28415,2020,38245,Petrol,Automatic,47,SW15,Dealer Site,Green Drive Motors,Dec 2026,2026-06-18,80,£1085 below similar listings,/images/cars/audi-a3.jpg,https://example.invalid/listing/885
886,Nissan Leaf Tekna #886,Nissan,Leaf,Tekna,28794,2021,38382,Diesel,Manual,54,SW16,Local Garage,Direct Autos,Dec 2026,2026-06-19,81,£1086 below similar listings,/images/cars/nissan-leaf.jpg,https://example.invalid/listing/886
887,Honda Civic i-VTEC #887,Honda,Civic,i-VTEC,29173,2022,38519,Hybrid,Automatic,61,SW17,Partner Dealer,EV Specialists,Dec 2026,2026-06-20,82,£1087 below similar listings,/images/cars/honda-civic.jpg,https://example.invalid/listing/887
888,Mazda 3 SE-L #888,Mazda,3,SE-L,29552,2023,38656,Electric,Manual,68,SW18,eBay,AutoMart London,Dec 2026,2026-06-21,83,£1088 below similar listings,/images/cars/mazda-3.jpg,https://example.invalid/listing/888
889,Volkswagen Golf 1.5 TSI #889,Volkswagen,Golf,1.5 TSI,29931,2024,38793,Petrol,Automatic,75,SW19,Dealer Site,City Motors,Dec 2026,2026-06-22,84,£1089 below similar listings,/images/cars/vw-golf.jpg,https://example.invalid/listing/889
890,Ford Fiesta Titanium #890,Ford,Fiesta,Titanium,30310,2025,38930,Diesel,Manual,82,SW0,Local Garage,Premium Cars Ltd,Dec 2026,2026-06-23,85,£1090 below similar listings,/images/cars/ford-fiesta.jpg,https://example.invalid/listing/890
891,BMW 118i Sport #891,BMW,118i,Sport,30689,2015,39067,Hybrid,Automatic,89,SW1,Partner Dealer,Green Drive Motors,Dec 2026,2026-06-24,86,£1091 below similar listings,/images/cars/bmw-1-series.jpg,https://example.invalid/listing/891
892,Toyota Yaris Hybrid #892,Toyota,Yaris,Hybrid,5068,2016,39204,Electric,Manual,96,SW2,eBay,Direct Autos,Dec 2026,2026-06-25,87,£1092 below similar listings,/images/cars/toyota-yaris.jpg,https://example.invalid/listing/892
893,Audi A3 TDI Sport #893,Audi,A3,TDI Sport,5447,2017,39341,Petrol,Automatic,103,SW3,Dealer Site,EV Specialists,Dec 2026,2026-06-26,88,£1093 below similar listings,/images/cars/audi-a3.jpg,https://example.invalid/listing/893
894,Nissan Leaf Tekna #894,Nissan,Leaf,Tekna,5826,2018,39478,Diesel,Manual,110,SW4,Local Garage,AutoMart London,Dec 2026,2026-06-27,89,£1094 below similar listings,/images/cars/nissan-leaf.jpg,https://example.invalid/listing/894
895,Honda Civic i-VTEC #895,Honda,Civic,i-VTEC,6205,2019,39615,Hybrid,Automatic,117,SW5,Partner Dealer,City Motors,Dec 2026,2026-06-28,90,£1095 below similar listings,/images/cars/honda-civic.jpg,https://example.invalid/listing/895
896,Mazda 3 SE-L #896,Mazda,3,SE-L,6584,2020,39752,Electric,Manual,124,SW6,eBay,Premium Cars Ltd,Dec 2026,2026-06-01,91,£1096 below similar listings,/images/cars/mazda-3.jpg,https://example.invalid/listing/896
897,Volkswagen Golf 1.5 TSI #897,Volkswagen,Golf,1.5 TSI,6963,2021,39889,Petrol,Automatic,131,SW7,Dealer Site,Green Drive Motors,Dec 2026,2026-06-02,92,£1097 below similar listings,/images/cars/vw-golf.jpg,https://example.invalid/listing/897
898,Ford Fiesta Titanium #898,Ford,Fiesta,Titanium,7342,2022,40026,Diesel,Manual,138,SW8,Local Garage,Direct Autos,Dec 2026,2026-06-03,93,£1098 below similar listings,/images/cars/ford-fiesta.jpg,https://example.invalid/listing/898
899,BMW 118i Sport #899,BMW,118i,Sport,7721,2023,40163,Hybrid,Automatic,145,SW9,Partner Dealer,EV Specialists,Dec 2026,2026-06-04,94,£1099 below similar listings,/images/cars/bmw-1-series.jpg,https://example.invalid/listing/899
900,Toyota Yaris Hybrid #900,Toyota,Yaris,Hybrid,8100,2024,40300,Electric,Manual,2,SW10,eBay,AutoMart London,Dec 2026,2026-06-05,95,£200 below similar listings,/images/cars/toyota-yaris.jpg,https://example.invalid/listing/900
901,Audi A3 TDI Sport #901,Audi,A3,TDI Sport,8479,2025,40437,Petrol,Automatic,9,SW11,Dealer Site,City Motors,Dec 2026,2026-06-06,96,£201 below similar listings,/images/cars/audi-a3.jpg,https://example.invalid/listing/901
902,Nissan Leaf Tekna #902,Nissan,Leaf,Tekna,8858,2015,40574,Diesel,Manual,16,SW12,Local Garage,Premium Cars Ltd,Dec 2026,2026-06-07,97,£202 below similar listings,/images/cars/nissan-leaf.jpg,https://example.invalid/listing/902
903,Honda Civic i-VTEC #903,Honda,Civic,i-VTEC,9237,2016,40711,Hybrid,Automatic,23,SW13,Partner Dealer,Green Drive Motors,Dec 2026,2026-06-08,55,£203 below similar listings,/images/cars/honda-civic.jpg,https://example.invalid/listing/903
904,Mazda 3 SE-L #904,Mazda,3,SE-L,9616,2017,40848,Electric,Manual,30,SW14,eBay,Direct Autos,Dec 2026,2026-06-09,56,£204 below similar listings,/images/cars/mazda-3.jpg,https://example.invalid/listing/904
905,Volkswagen Golf 1.5 TSI #905,Volkswagen,Golf,1.5 TSI,9995,2018,40985,Petrol,Automatic,37,SW15,Dealer Site,EV Specialists,Dec 2026,2026-06-10,57,£205 below similar listings,/images/cars/vw-golf.jpg,https://example.invalid/listing/905
906,Ford Fiesta Titanium #906,Ford,Fiesta,Titanium,10374,2019,41122,Diesel,Manual,44,SW16,Local Garage,AutoMart London,Dec 2026,2026-06-11,58,£206 below similar listings,/images/cars/ford-fiesta.jpg,https://example.invalid/listing/906
907,BMW 118i Sport #907,BMW,118i,Sport,10753,2020,41259,Hybrid,Automatic,51,SW17,Partner Dealer,City Motors,Dec 2026,2026-06-12,59,£207 below similar listings,/images/cars/bmw-1-series.jpg,https://example.invalid/listing/907
908,Toyota Yaris Hybrid #908,Toyota,Yaris,Hybrid,11132,2021,41396,Electric,Manual,58,SW18,eBay,Premium Cars Ltd,Dec 2026,2026-06-13,60,£208 below similar listings,/images/cars/toyota-yaris.jpg,https://example.invalid/listing/908
909,Audi A3 TDI Sport #909,Audi,A3,TDI Sport,11511,2022,41533,Petrol,Automatic,65,SW19,Dealer Site,Green Drive Motors,Dec 2026,2026-06-14,61,£209 below similar listings,/images/cars/audi-a3.jpg,https://example.invalid/listing/909
910,Nissan Leaf Tekna #910,Nissan,Leaf,Tekna,11890,2023,41670,Diesel,Manual,72,SW0,Local Garage,Direct Autos,Dec 2026,2026-06-15,62,£210 below similar listings,/images/cars/nissan-leaf.jpg,https://example.invalid/listing/910
911,Honda Civic i-VTEC #911,Honda,Civic,i-VTEC,12269,2024,41807,Hybrid,Automatic,79,SW1,Partner Dealer,EV Specialists,Dec 2026,2026-06-16,63,£211 below similar listings,/images/cars/honda-civic.jpg,https://example.invalid/listing/911
912,Mazda 3 SE-L #912,Mazda,3,SE-L,12648,2025,41944,Electric,Manual,86,SW2,eBay,AutoMart London,Dec 2026,2026-06-17,64,£212 below similar listings,/images/cars/mazda-3.jpg,https://example.invalid/listing/912
913,Volkswagen Golf 1.5 TSI #913,Volkswagen,Golf,1.5 TSI,13027,2015,42081,Petrol,Automatic,93,SW3,Dealer Site,City Motors,Dec 2026,2026-06-18,65,£213 below similar listings,/images/cars/vw-golf.jpg,https://example.invalid/listing/913
914,Ford Fiesta Titanium #914,Ford,Fiesta,Titanium,13406,2016,42218,Diesel,Manual,100,SW4,Local Garage,Premium Cars Ltd,Dec 2026,2026-06-19,66,£214 below similar listings,/images/cars/ford-fiesta.jpg,https://example.invalid/listing/914
915,BMW 118i Sport #915,BMW,118i,Sport,13785,2017,42355,Hybrid,Automatic,107,SW5,Partner Dealer,Green Drive Motors,Dec 2026,2026-06-20,67,£215 below similar listings,/images/cars/bmw-1-series.jpg,https://example.invalid/listing/915
916,Toyota Yaris Hybrid #916,Toyota,Yaris,Hybrid,14164,2018,42492,Electric,Manual,114,SW6,eBay,Direct Autos,Dec 2026,2026-06-21,68,£216 below similar listings,/images/cars/toyota-yaris.jpg,https://example.invalid/listing/916
917,Audi A3 TDI Sport #917,Audi,A3,TDI Sport,14543,2019,42629,Petrol,Automatic,121,SW7,Dealer Site,EV Specialists,Dec 2026,2026-06-22,69,£217 below similar listings,/images/cars/audi-a3.jpg,https://example.invalid/listing/917
918,Nissan Leaf Tekna #918,Nissan,Leaf,Tekna,14922,2020,42766,Diesel,Manual,128,SW8,Local Garage,AutoMart London,Dec 2026,2026-06-23,70,£218 below similar listings,/images/cars/nissan-leaf.jpg,https://example.invalid/listing/918
919,Honda Civic i-VTEC #919,Honda,Civic,i-VTEC,15301,2021,42903,Hybrid,Automatic,135,SW9,Partner Dealer,City Motors,Dec 2026,2026-06-24,71,£219 below similar listings,/images/cars/honda-civic.jpg,https://example.invalid/listing/919
920,Mazda 3 SE-L #920,Mazda,3,SE-L,15680,2022,43040,Electric,Manual,142,SW10,eBay,Premium Cars Ltd,Dec 2026,2026-06-25,72,£220 below similar listings,/images/cars/mazda-3.jpg,https://example.invalid/listing/920
921,Volkswagen Golf 1.5 TSI #921,Volkswagen,Golf,1.5 TSI,16059,2023,43177,Petrol,Automatic,149,SW11,Dealer Site,Green Drive Motors,Dec 2026,2026-06-26,73,£221 below similar listings,/images/cars/vw-golf.jpg,https://example.invalid/listing/921
922,Ford Fiesta Titanium #922,Ford,Fiesta,Titanium,16438,2024,43314,Diesel,Manual,6,SW12,Local Garage,Direct Autos,Dec 2026,2026-06-27,74,£222 below similar listings,/images/cars/ford-fiesta.jpg,https://example.invalid/listing/922
923,BMW 118i Sport #923,BMW,118i,Sport,16817,2025,43451,Hybrid,Automatic,13,SW13,Partner Dealer,EV Specialists,Dec 2026,2026-06-28,75,£223 below similar listings,/images/cars/bmw-1-series.jpg,https://example.invalid/listing/923
924,Toyota Yaris Hybrid #924,Toyota,Yaris,Hybrid,17196,2015,43588,Electric,Manual,20,SW14,eBay,AutoMart London,Dec 2026,2026-06-01,76,£224 below similar listings,/images/cars/toyota-yaris.jpg,https://example.invalid/listing/924
925,Audi A3 TDI Sport #925,Audi,A3,TDI Sport,17575,2016,43725,Petrol,Automatic,27,SW15,Dealer Site,City Motors,Dec 2026,2026-06-02,77,£225 below similar listings,/images/cars/audi-a3.jpg,https://example.invalid/listing/925
926,Nissan Leaf Tekna #926,Nissan,Leaf,Tekna,17954,2017,43862,Diesel,Manual,34,SW16,Local Garage,Premium Cars Ltd,Dec 2026,2026-06-03,78,£226 below similar listings,/images/cars/nissan-leaf.jpg,https://example.invalid/listing/926
927,Honda Civic i-VTEC #927,Honda,Civic,i-VTEC,18333,2018,43999,Hybrid,Automatic,41,SW17,Partner Dealer,Green Drive Motors,Dec 2026,2026-06-04,79,£227 below similar listings,/images/cars/honda-civic.jpg,https://example.invalid/listing/927
928,Mazda 3 SE-L #928,Mazda,3,SE-L,18712,2019,44136,Electric,Manual,48,SW18,eBay,Direct Autos,Dec 2026,2026-06-05,80,£228 below similar listings,/images/cars/mazda-3.jpg,https://example.invalid/listing/928
929,Volkswagen Golf 1.5 TSI #929,Volkswagen,Golf,1.5 TSI,19091,2020,44273,Petrol,Automatic,55,SW19,Dealer Site,EV Specialists,Dec 2026,2026-06-06,81,£229 below similar listings,/images/cars/vw-golf.jpg,https://example.invalid/listing/929
930,Ford Fiesta Titanium #930,Ford,Fiesta,Titanium,19470,2021,44410,Diesel,Manual,62,SW0,Local Garage,AutoMart London,Dec 2026,2026-06-07,82,£230 below similar listings,/images/cars/ford-fiesta.jpg,https://example.invalid/listing/930
931,BMW 118i Sport #931,BMW,118i,Sport,19849,2022,44547,Hybrid,Automatic,69,SW1,Partner Dealer,City Motors,Dec 2026,2026-06-08,83,£231 below similar listings,/images/cars/bmw-1-series.jpg,https://example.invalid/listing/931
932,Toyota Yaris Hybrid #932,Toyota,Yaris,Hybrid,20228,2023,44684,Electric,Manual,76,SW2,eBay,Premium Cars Ltd,Dec 2026,2026-06-09,84,£232 below similar listings,/images/cars/toyota-yaris.jpg,https://example.invalid/listing/932
933,Audi A3 TDI Sport #933,Audi,A3,TDI Sport,20607,2024,44821,Petrol,Automatic,83,SW3,Dealer Site,Green Drive Motors,Dec 2026,2026-06-10,85,£233 below similar listings,/images/cars/audi-a3.jpg,https://example.invalid/listing/933
934,Nissan Leaf Tekna #934,Nissan,Leaf,Tekna,20986,2025,44958,Diesel,Manual,90,SW4,Local Garage,Direct Autos,Dec 2026,2026-06-11,86,£234 below similar listings,/images/cars/nissan-leaf.jpg,https://example.invalid/listing/934
935,Honda Civic i-VTEC #935,Honda,Civic,i-VTEC,21365,2015,45095,Hybrid,Automatic,97,SW5,Partner Dealer,EV Specialists,Dec 2026,2026-06-12,87,£235 below similar listings,/images/cars/honda-civic.jpg,https://example.invalid/listing/935
936,Mazda 3 SE-L #936,Mazda,3,SE-L,21744,2016,45232,Electric,Manual,104,SW6,eBay,AutoMart London,Dec 2026,2026-06-13,88,£236 below similar listings,/images/cars/mazda-3.jpg,https://example.invalid/listing/936
937,Volkswagen Golf 1.5 TSI #937,Volkswagen,Golf,1.5 TSI,22123,2017,45369,Petrol,Automatic,111,SW7,Dealer Site,City Motors,Dec 2026,2026-06-14,89,£237 below similar listings,/images/cars/vw-golf.jpg,https://example.invalid/listing/937
938,Ford Fiesta Titanium #938,Ford,Fiesta,Titanium,22502,2018,45506,Diesel,Manual,118,SW8,Local Garage,Premium Cars Ltd,Dec 2026,2026-06-15,90,£238 below similar listings,/images/cars/ford-fiesta.jpg,https://example.invalid/listing/938
939,BMW 118i Sport #939,BMW,118i,Sport,22881,2019,45643,Hybrid,Automatic,125,SW9,Partner Dealer,Green Drive Motors,Dec 2026,2026-06-16,91,£239 below similar listings,/images/cars/bmw-1-series.jpg,https://example.invalid/listing/939
940,Toyota Yaris Hybrid #940,Toyota,Yaris,Hybrid,23260,2020,45780,Electric,Manual,132,SW10,eBay,Direct Autos,Dec 2026,2026-06-17,92,£240 below similar listings,/images/cars/toyota-yaris.jpg,https://example.invalid/listing/940
941,Audi A3 TDI Sport #941,Audi,A3,TDI Sport,23639,2021,45917,Petrol,Automatic,139,SW11,Dealer Site,EV Specialists,Dec 2026,2026-06-18,93,£241 below similar listings,/images/cars/audi-a3.jpg,https://example.invalid/listing/941
942,Nissan Leaf Tekna #942,Nissan,Leaf,Tekna,24018,2022,46054,Diesel,Manual,146,SW12,Local Garage,AutoMart London,Dec 2026,2026-06-19,94,£242 below similar listings,/images/cars/nissan-leaf.jpg,https://example.invalid/listing/942
943,Honda Civic i-VTEC #943,Honda,Civic,i-VTEC,24397,2023,46191,Hybrid,Automatic,3,SW13,Partner Dealer,City Motors,Dec 2026,2026-06-20,95,£243 below similar listings,/images/cars/honda-civic.jpg,https://example.invalid/listing/943
944,Mazda 3 SE-L #944,Mazda,3,SE-L,24776,2024,46328,Electric,Manual,10,SW14,eBay,Premium Cars Ltd,Dec 2026,2026-06-21,96,£244 below similar listings,/images/cars/mazda-3.jpg,https://example.invalid/listing/944
945,Volkswagen Golf 1.5 TSI #945,Volkswagen,Golf,1.5 TSI,25155,2025,46465,Petrol,Automatic,17,SW15,Dealer Site,Green Drive Motors,Dec 2026,2026-06-22,97,£245 below similar listings,/images/cars/vw-golf.jpg,https://example.invalid/listing/945
946,Ford Fiesta Titanium #946,Ford,Fiesta,Titanium,25534,2015,46602,Diesel,Manual,24,SW16,Local Garage,Direct Autos,Dec 2026,2026-06-23,55,£246 below similar listings,/images/cars/ford-fiesta.jpg,https://example.invalid/listing/946
947,BMW 118i Sport #947,BMW,118i,Sport,25913,2016,46739,Hybrid,Automatic,31,SW17,Partner Dealer,EV Specialists,Dec 2026,2026-06-24,56,£247 below similar listings,/images/cars/bmw-1-series.jpg,https://example.invalid/listing/947
948,Toyota Yaris Hybrid #948,Toyota,Yaris,Hybrid,26292,2017,46876,Electric,Manual,38,SW18,eBay,AutoMart London,Dec 2026,2026-06-25,57,£248 below similar listings,/images/cars/toyota-yaris.jpg,https://example.invalid/listing/948
949,Audi A3 TDI Sport #949,Audi,A3,TDI Sport,26671,2018,47013,Petrol,Automatic,45,SW19,Dealer Site,City Motors,Dec 2026,2026-06-26,58,£249 below similar listings,/images/cars/audi-a3.jpg,https://example.invalid/listing/949
950,Nissan Leaf Tekna #950,Nissan,Leaf,Tekna,27050,2019,47150,Diesel,Manual,52,SW0,Local Garage,Premium Cars Ltd,Dec 2026,2026-06-27,59,£250 below similar listings,/images/cars/nissan-leaf.jpg,https://example.invalid/listing/950
951,Honda Civic i-VTEC #951,Honda,Civic,i-VTEC,27429,2020,47287,Hybrid,Automatic,59,SW1,Partner Dealer,Green Drive Motors,Dec 2026,2026-06-28,60,£251 below similar listings,/images/cars/honda-civic.jpg,https://example.invalid/listing/951
952,Mazda 3 SE-L #952,Mazda,3,SE-L,27808,2021,47424,Electric,Manual,66,SW2,eBay,Direct Autos,Dec 2026,2026-06-01,61,£252 below similar listings,/images/cars/mazda-3.jpg,https://example.invalid/listing/952
953,Volkswagen Golf 1.5 TSI #953,Volkswagen,Golf,1.5 TSI,28187,2022,47561,Petrol,Automatic,73,SW3,Dealer Site,EV Specialists,Dec 2026,2026-06-02,62,£253 below similar listings,/images/cars/vw-golf.jpg,https://example.invalid/listing/953
954,Ford Fiesta Titanium #954,Ford,Fiesta,Titanium,28566,2023,47698,Diesel,Manual,80,SW4,Local Garage,AutoMart London,Dec 2026,2026-06-03,63,£254 below similar listings,/images/cars/ford-fiesta.jpg,https://example.invalid/listing/954
955,BMW 118i Sport #955,BMW,118i,Sport,28945,2024,47835,Hybrid,Automatic,87,SW5,Partner Dealer,City Motors,Dec 2026,2026-06-04,64,£255 below similar listings,/images/cars/bmw-1-series.jpg,https://example.invalid/listing/955
956,Toyota Yaris Hybrid #956,Toyota,Yaris,Hybrid,29324,2025,47972,Electric,Manual,94,SW6,eBay,Premium Cars Ltd,Dec 2026,2026-06-05,65,£256 below similar listings,/images/cars/toyota-yaris.jpg,https://example.invalid/listing/956
957,Audi A3 TDI Sport #957,Audi,A3,TDI Sport,29703,2015,48109,Petrol,Automatic,101,SW7,Dealer Site,Green Drive Motors,Dec 2026,2026-06-06,66,£257 below similar listings,/images/cars/audi-a3.jpg,https://example.invalid/listing/957
958,Nissan Leaf Tekna #958,Nissan,Leaf,Tekna,30082,2016,48246,Diesel,Manual,108,SW8,Local Garage,Direct Autos,Dec 2026,2026-06-07,67,£258 below similar listings,/images/cars/nissan-leaf.jpg,https://example.invalid/listing/958
959,Honda Civic i-VTEC #959,Honda,Civic,i-VTEC,30461,2017,48383,Hybrid,Automatic,115,SW9,Partner Dealer,EV Specialists,Dec 2026,2026-06-08,68,£259 below similar listings,/images/cars/honda-civic.jpg,https://example.invalid/listing/959
960,Mazda 3 SE-L #960,Mazda,3,SE-L,30840,2018,48520,Electric,Manual,122,SW10,eBay,AutoMart London,Dec 2026,2026-06-09,69,£260 below similar listings,/images/cars/mazda-3.jpg,https://example.invalid/listing/960
961,Volkswagen Golf 1.5 TSI #961,Volkswagen,Golf,1.5 TSI,5219,2019,48657,Petrol,Automatic,129,SW11,Dealer Site,City Motors,Dec 2026,2026-06-10,70,£261 below similar listings,/images/cars/vw-golf.jpg,https://example.invalid/listing/961
962,Ford Fiesta Titanium #962,Ford,Fiesta,Titanium,5598,2020,48794,Diesel,Manual,136,SW12,Local Garage,Premium Cars Ltd,Dec 2026,2026-06-11,71,£262 below similar listings,/images/cars/ford-fiesta.jpg,https://example.invalid/listing/962
963,BMW 118i Sport #963,BMW,118i,Sport,5977,2021,48931,Hybrid,Automatic,143,SW13,Partner Dealer,Green Drive Motors,Dec 2026,2026-06-12,72,£263 below similar listings,/images/cars/bmw-1-series.jpg,https://example.invalid/listing/963
964,Toyota Yaris Hybrid #964,Toyota,Yaris,Hybrid,6356,2022,49068,Electric,Manual,150,SW14,eBay,Direct Autos,Dec 2026,2026-06-13,73,£264 below similar listings,/images/cars/toyota-yaris.jpg,https://example.invalid/listing/964
965,Audi A3 TDI Sport #965,Audi,A3,TDI Sport,6735,2023,49205,Petrol,Automatic,7,SW15,Dealer Site,EV Specialists,Dec 2026,2026-06-14,74,£265 below similar listings,/images/cars/audi-a3.jpg,https://example.invalid/listing/965
966,Nissan Leaf Tekna #966,Nissan,Leaf,Tekna,7114,2024,49342,Diesel,Manual,14,SW16,Local Garage,AutoMart London,Dec 2026,2026-06-15,75,£266 below similar listings,/images/cars/nissan-leaf.jpg,https://example.invalid/listing/966
967,Honda Civic i-VTEC #967,Honda,Civic,i-VTEC,7493,2025,49479,Hybrid,Automatic,21,SW17,Partner Dealer,City Motors,Dec 2026,2026-06-16,76,£267 below similar listings,/images/cars/honda-civic.jpg,https://example.invalid/listing/967
968,Mazda 3 SE-L #968,Mazda,3,SE-L,7872,2015,49616,Electric,Manual,28,SW18,eBay,Premium Cars Ltd,Dec 2026,2026-06-17,77,£268 below similar listings,/images/cars/mazda-3.jpg,https://example.invalid/listing/968
969,Volkswagen Golf 1.5 TSI #969,Volkswagen,Golf,1.5 TSI,8251,2016,49753,Petrol,Automatic,35,SW19,Dealer Site,Green Drive Motors,Dec 2026,2026-06-18,78,£269 below similar listings,/images/cars/vw-golf.jpg,https://example.invalid/listing/969
970,Ford Fiesta Titanium #970,Ford,Fiesta,Titanium,8630,2017,49890,Diesel,Manual,42,SW0,Local Garage,Direct Autos,Dec 2026,2026-06-19,79,£270 below similar listings,/images/cars/ford-fiesta.jpg,https://example.invalid/listing/970
971,BMW 118i Sport #971,BMW,118i,Sport,9009,2018,50027,Hybrid,Automatic,49,SW1,Partner Dealer,EV Specialists,Dec 2026,2026-06-20,80,£271 below similar listings,/images/cars/bmw-1-series.jpg,https://example.invalid/listing/971
972,Toyota Yaris Hybrid #972,Toyota,Yaris,Hybrid,9388,2019,50164,Electric,Manual,56,SW2,eBay,AutoMart London,Dec 2026,2026-06-21,81,£272 below similar listings,/images/cars/toyota-yaris.jpg,https://example.invalid/listing/972
973,Audi A3 TDI Sport #973,Audi,A3,TDI Sport,9767,2020,50301,Petrol,Automatic,63,SW3,Dealer Site,City Motors,Dec 2026,2026-06-22,82,£273 below similar listings,/images/cars/audi-a3.jpg,https://example.invalid/listing/973
974,Nissan Leaf Tekna #974,Nissan,Leaf,Tekna,10146,2021,50438,Diesel,Manual,70,SW4,Local Garage,Premium Cars Ltd,Dec 2026,2026-06-23,83,£274 below similar listings,/images/cars/nissan-leaf.jpg,https://example.invalid/listing/974
975,Honda Civic i-VTEC #975,Honda,Civic,i-VTEC,10525,2022,50575,Hybrid,Automatic,77,SW5,Partner Dealer,Green Drive Motors,Dec 2026,2026-06-24,84,£275 below similar listings,/images/cars/honda-civic.jpg,https://example.invalid/listing/975
976,Mazda 3 SE-L #976,Mazda,3,SE-L,10904,2023,50712,Electric,Manual,84,SW6,eBay,Direct Autos,Dec 2026,2026-06-25,85,£276 below similar listings,/images/cars/mazda-3.jpg,https://example.invalid/listing/976
977,Volkswagen Golf 1.5 TSI #977,Volkswagen,Golf,1.5 TSI,11283,2024,50849,Petrol,Automatic,91,SW7,Dealer Site,EV Specialists,Dec 2026,2026-06-26,86,£277 below similar listings,/images/cars/vw-golf.jpg,https://example.invalid/listing/977
978,Ford Fiesta Titanium #978,Ford,Fiesta,Titanium,11662,2025,50986,Diesel,Manual,98,SW8,Local Garage,AutoMart London,Dec 2026,2026-06-27,87,£278 below similar listings,/images/cars/ford-fiesta.jpg,https://example.invalid/listing/978
979,BMW 118i Sport #979,BMW,118i,Sport,12041,2015,51123,Hybrid,Automatic,105,SW9,Partner Dealer,City Motors,Dec 2026,2026-06-28,88,£279 below similar listings,/images/cars/bmw-1-series.jpg,https://example.invalid/listing/979
980,Toyota Yaris Hybrid #980,Toyota,Yaris,Hybrid,12420,2016,51260,Electric,Manual,112,SW10,eBay,Premium Cars Ltd,Dec 2026,2026-06-01,89,£280 below similar listings,/images/cars/toyota-yaris.jpg,https://example.invalid/listing/980
981,Audi A3 TDI Sport #981,Audi,A3,TDI Sport,12799,2017,51397,Petrol,Automatic,119,SW11,Dealer Site,Green Drive Motors,Dec 2026,2026-06-02,90,£281 below similar listings,/images/cars/audi-a3.jpg,https://example.invalid/listing/981
982,Nissan Leaf Tekna #982,Nissan,Leaf,Tekna,13178,2018,51534,Diesel,Manual,126,SW12,Local Garage,Direct Autos,Dec 2026,2026-06-03,91,£282 below similar listings,/images/cars/nissan-leaf.jpg,https://example.invalid/listing/982
983,Honda Civic i-VTEC #983,Honda,Civic,i-VTEC,13557,2019,51671,Hybrid,Automatic,133,SW13,Partner Dealer,EV Specialists,Dec 2026,2026-06-04,92,£283 below similar listings,/images/cars/honda-civic.jpg,https://example.invalid/listing/983
984,Mazda 3 SE-L #984,Mazda,3,SE-L,13936,2020,51808,Electric,Manual,140,SW14,eBay,AutoMart London,Dec 2026,2026-06-05,93,£284 below similar listings,/images/cars/mazda-3.jpg,https://example.invalid/listing/984
985,Volkswagen Golf 1.5 TSI #985,Volkswagen,Golf,1.5 TSI,14315,2021,51945,Petrol,Automatic,147,SW15,Dealer Site,City Motors,Dec 2026,2026-06-06,94,£285 below similar listings,/images/cars/vw-golf.jpg,https://example.invalid/listing/985
986,Ford Fiesta Titanium #986,Ford,Fiesta,Titanium,14694,2022,52082,Diesel,Manual,4,SW16,Local Garage,Premium Cars Ltd,Dec 2026,2026-06-07,95,£286 below similar listings,/images/cars/ford-fiesta.jpg,https://example.invalid/listing/986
987,BMW 118i Sport #987,BMW,118i,Sport,15073,2023,52219,Hybrid,Automatic,11,SW17,Partner Dealer,Green Drive Motors,Dec 2026,2026-06-08,96,£287 below similar listings,/images/cars/bmw-1-series.jpg,https://example.invalid/listing/987
988,Toyota Yaris Hybrid #988,Toyota,Yaris,Hybrid,15452,2024,52356,Electric,Manual,18,SW18,eBay,Direct Autos,Dec 2026,2026-06-09,97,£288 below similar listings,/images/cars/toyota-yaris.jpg,https://example.invalid/listing/988
989,Audi A3 TDI Sport #989,Audi,A3,TDI Sport,15831,2025,52493,Petrol,Automatic,25,SW19,Dealer Site,EV Specialists,Dec 2026,2026-06-10,55,£289 below similar listings,/images/cars/audi-a3.jpg,https://example.invalid/listing/989
990,Nissan Leaf Tekna #990,Nissan,Leaf,Tekna,16210,2015,52630,Diesel,Manual,32,SW0,Local Garage,AutoMart London,Dec 2026,2026-06-11,56,£290 below similar listings,/images/cars/nissan-leaf.jpg,https://example.invalid/listing/990
991,Honda Civic i-VTEC #991,Honda,Civic,i-VTEC,16589,2016,52767,Hybrid,Automatic,39,SW1,Partner Dealer,City Motors,Dec 2026,2026-06-12,57,£291 below similar listings,/images/cars/honda-civic.jpg,https://example.invalid/listing/991
992,Mazda 3 SE-L #992,Mazda,3,SE-L,16968,2017,52904,Electric,Manual,46,SW2,eBay,Premium Cars Ltd,Dec 2026,2026-06-13,58,£292 below similar listings,/images/cars/mazda-3.jpg,https://example.invalid/listing/992
993,Volkswagen Golf 1.5 TSI #993,Volkswagen,Golf,1.5 TSI,17347,2018,53041,Petrol,Automatic,53,SW3,Dealer Site,Green Drive Motors,Dec 2026,2026-06-14,59,£293 below similar listings,/images/cars/vw-golf.jpg,https://example.invalid/listing/993
994,Ford Fiesta Titanium #994,Ford,Fiesta,Titanium,17726,2019,53178,Diesel,Manual,60,SW4,Local Garage,Direct Autos,Dec 2026,2026-06-15,60,£294 below similar listings,/images/cars/ford-fiesta.jpg,https://example.invalid/listing/994
995,BMW 118i Sport #995,BMW,118i,Sport,18105,2020,53315,Hybrid,Automatic,67,SW5,Partner Dealer,EV Specialists,Dec 2026,2026-06-16,61,£295 below similar listings,/images/cars/bmw-1-series.jpg,https://example.invalid/listing/995
996,Toyota Yaris Hybrid #996,Toyota,Yaris,Hybrid,18484,2021,53452,Electric,Manual,74,SW6,eBay,AutoMart London,Dec 2026,2026-06-17,62,£296 below similar listings,/images/cars/toyota-yaris.jpg,https://example.invalid/listing/996
997,Audi A3 TDI Sport #997,Audi,A3,TDI Sport,18863,2022,53589,Petrol,Automatic,81,SW7,Dealer Site,City Motors,Dec 2026,2026-06-18,63,£297 below similar listings,/images/cars/audi-a3.jpg,https://example.invalid/listing/997
998,Nissan Leaf Tekna #998,Nissan,Leaf,Tekna,19242,2023,53726,Diesel,Manual,88,SW8,Local Garage,Premium Cars Ltd,Dec 2026,2026-06-19,64,£298 below similar listings,/images/cars/nissan-leaf.jpg,https://example.invalid/listing/998
999,Honda Civic i-VTEC #999,Honda,Civic,i-VTEC,19621,2024,53863,Hybrid,Automatic,95,SW9,Partner Dealer,Green Drive Motors,Dec 2026,2026-06-20,65,£299 below similar listings,/images/cars/honda-civic.jpg,https://example.invalid/listing/999
1000,Mazda 3 SE-L #1000,Mazda,3,SE-L,20000,2025,54000,Electric,Manual,102,SW10,eBay,Direct Autos,Dec 2026,2026-06-21,66,£300 below similar listings,/images/cars/mazda-3.jpg,https://example.invalid/listing/1000
1001,Volkswagen Golf 1.5 TSI #1001,Volkswagen,Golf,1.5 TSI,20379,2015,54137,Petrol,Automatic,109,SW11,Dealer Site,EV Specialists,Dec 2026,2026-06-22,67,£301 below similar listings,/images/cars/vw-golf.jpg,https://example.invalid/listing/1001
1002,Ford Fiesta Titanium #1002,Ford,Fiesta,Titanium,20758,2016,54274,Diesel,Manual,116,SW12,Local Garage,AutoMart London,Dec 2026,2026-06-23,68,£302 below similar listings,/images/cars/ford-fiesta.jpg,https://example.invalid/listing/1002
1003,BMW 118i Sport #1003,BMW,118i,Sport,21137,2017,54411,Hybrid,Automatic,123,SW13,Partner Dealer,City Motors,Dec 2026,2026-06-24,69,£303 below similar listings,/images/cars/bmw-1-series.jpg,https://example.invalid/listing/1003
1004,Toyota Yaris Hybrid #1004,Toyota,Yaris,Hybrid,21516,2018,54548,Electric,Manual,130,SW14,eBay,Premium Cars Ltd,Dec 2026,2026-06-25,70,£304 below similar listings,/images/cars/toyota-yaris.jpg,https://example.invalid/listing/1004
1005,Audi A3 TDI Sport #1005,Audi,A3,TDI Sport,21895,2019,54685,Petrol,Automatic,137,SW15,Dealer Site,Green Drive Motors,Dec 2026,2026-06-26,71,£305 below similar listings,/images/cars/audi-a3.jpg,https://example.invalid/listing/1005
1006,Nissan Leaf Tekna #1006,Nissan,Leaf,Tekna,22274,2020,54822,Diesel,Manual,144,SW16,Local Garage,Direct Autos,Dec 2026,2026-06-27,72,£306 below similar listings,/images/cars/nissan-leaf.jpg,https://example.invalid/listing/1006
1007,Honda Civic i-VTEC #1007,Honda,Civic,i-VTEC,22653,2021,54959,Hybrid,Automatic,151,SW17,Partner Dealer,EV Specialists,Dec 2026,2026-06-28,73,£307 below similar listings,/images/cars/honda-civic.jpg,https://example.invalid/listing/1007
1008,Mazda 3 SE-L #1008,Mazda,3,SE-L,23032,2022,55096,Electric,Manual,8,SW18,eBay,AutoMart London,Dec 2026,2026-06-01,74,£308 below similar listings,/images/cars/mazda-3.jpg,https://example.invalid/listing/1008
1009,Volkswagen Golf 1.5 TSI #1009,Volkswagen,Golf,1.5 TSI,23411,2023,55233,Petrol,Automatic,15,SW19,Dealer Site,City Motors,Dec 2026,2026-06-02,75,£309 below similar listings,/images/cars/vw-golf.jpg,https://example.invalid/listing/1009
1010,Ford Fiesta Titanium #1010,Ford,Fiesta,Titanium,23790,2024,55370,Diesel,Manual,22,SW0,Local Garage,Premium Cars Ltd,Dec 2026,2026-06-03,76,£310 below similar listings,/images/cars/ford-fiesta.jpg,https://example.invalid/listing/1010
1011,BMW 118i Sport #1011,BMW,118i,Sport,24169,2025,55507,Hybrid,Automatic,29,SW1,Partner Dealer,Green Drive Motors,Dec 2026,2026-06-04,77,£311 below similar listings,/images/cars/bmw-1-series.jpg,https://example.invalid/listing/1011
1012,Toyota Yaris Hybrid #1012,Toyota,Yaris,Hybrid,24548,2015,55644,Electric,Manual,36,SW2,eBay,Direct Autos,Dec 2026,2026-06-05,78,£312 below similar listings,/images/cars/toyota-yaris.jpg,https://example.invalid/listing/1012
1013,Audi A3 TDI Sport #1013,Audi,A3,TDI Sport,24927,2016,55781,Petrol,Automatic,43,SW3,Dealer Site,EV Specialists,Dec 2026,2026-06-06,79,£313 below similar listings,/images/cars/audi-a3.jpg,https://example.invalid/listing/1013
1014,Nissan Leaf Tekna #1014,Nissan,Leaf,Tekna,25306,2017,55918,Diesel,Manual,50,SW4,Local Garage,AutoMart London,Dec 2026,2026-06-07,80,£314 below similar listings,/images/cars/nissan-leaf.jpg,https://example.invalid/listing/1014
1015,Honda Civic i-VTEC #1015,Honda,Civic,i-VTEC,25685,2018,56055,Hybrid,Automatic,57,SW5,Partner Dealer,City Motors,Dec 2026,2026-06-08,81,£315 below similar listings,/images/cars/honda-civic.jpg,https://example.invalid/listing/1015
1016,Mazda 3 SE-L #1016,Mazda,3,SE-L,26064,2019,56192,Electric,Manual,64,SW6,eBay,Premium Cars Ltd,Dec 2026,2026-06-09,82,£316 below similar listings,/images/cars/mazda-3.jpg,https://example.invalid/listing/1016
1017,Volkswagen Golf 1.5 TSI #1017,Volkswagen,Golf,1.5 TSI,26443,2020,56329,Petrol,Automatic,71,SW7,Dealer Site,Green Drive Motors,Dec 2026,2026-06-10,83,£317 below similar listings,/images/cars/vw-golf.jpg,https://example.invalid/listing/1017
1018,Ford Fiesta Titanium #1018,Ford,Fiesta,Titanium,26822,2021,56466,Diesel,Manual,78,SW8,Local Garage,Direct Autos,Dec 2026,2026-06-11,84,£318 below similar listings,/images/cars/ford-fiesta.jpg,https://example.invalid/listing/1018
1019,BMW 118i Sport #1019,BMW,118i,Sport,27201,2022,56603,Hybrid,Automatic,85,SW9,Partner Dealer,EV Specialists,Dec 2026,2026-06-12,85,£319 below similar listings,/images/cars/bmw-1-series.jpg,https://example.invalid/listing/1019
1020,Toyota Yaris Hybrid #1020,Toyota,Yaris,Hybrid,27580,2023,56740,Electric,Manual,92,SW10,eBay,AutoMart London,Dec 2026,2026-06-13,86,£320 below similar listings,/images/cars/toyota-yaris.jpg,https://example.invalid/listing/1020
1021,Audi A3 TDI Sport #1021,Audi,A3,TDI Sport,27959,2024,56877,Petrol,Automatic,99,SW11,Dealer Site,City Motors,Dec 2026,2026-06-14,87,£321 below similar listings,/images/cars/audi-a3.jpg,https://example.invalid/listing/1021
1022,Nissan Leaf Tekna #1022,Nissan,Leaf,Tekna,28338,2025,57014,Diesel,Manual,106,SW12,Local Garage,Premium Cars Ltd,Dec 2026,2026-06-15,88,£322 below similar listings,/images/cars/nissan-leaf.jpg,https://example.invalid/listing/1022
1023,Honda Civic i-VTEC #1023,Honda,Civic,i-VTEC,28717,2015,57151,Hybrid,Automatic,113,SW13,Partner Dealer,Green Drive Motors,Dec 2026,2026-06-16,89,£323 below similar listings,/images/cars/honda-civic.jpg,https://example.invalid/listing/1023
1024,Mazda 3 SE-L #1024,Mazda,3,SE-L,29096,2016,57288,Electric,Manual,120,SW14,eBay,Direct Autos,Dec 2026,2026-06-17,90,£324 below similar listings,/images/cars/mazda-3.jpg,https://example.invalid/listing/1024
1025,Volkswagen Golf 1.5 TSI #1025,Volkswagen,Golf,1.5 TSI,29475,2017,57425,Petrol,Automatic,127,SW15,Dealer Site,EV Specialists,Dec 2026,2026-06-18,91,£325 below similar listings,/images/cars/vw-golf.jpg,https://example.invalid/listing/1025
1026,Ford Fiesta Titanium #1026,Ford,Fiesta,Titanium,29854,2018,57562,Diesel,Manual,134,SW16,Local Garage,AutoMart London,Dec 2026,2026-06-19,92,£326 below similar listings,/images/cars/ford-fiesta.jpg,https://example.invalid/listing/1026
1027,BMW 118i Sport #1027,BMW,118i,Sport,30233,2019,57699,Hybrid,Automatic,141,SW17,Partner Dealer,City Motors,Dec 2026,2026-06-20,93,£327 below similar listings,/images/cars/bmw-1-series.jpg,https://example.invalid/listing/1027
1028,Toyota Yaris Hybrid #1028,Toyota,Yaris,Hybrid,30612,2020,57836,Electric,Manual,148,SW18,eBay,Premium Cars Ltd,Dec 2026,2026-06-21,94,£328 below similar listings,/images/cars/toyota-yaris.jpg,https://example.invalid/listing/1028
1029,Audi A3 TDI Sport #1029,Audi,A3,TDI Sport,30991,2021,57973,Petrol,Automatic,5,SW19,Dealer Site,Green Drive Motors,Dec 2026,2026-06-22,95,£329 below similar listings,/images/cars/audi-a3.jpg,https://example.invalid/listing/1029
1030,Nissan Leaf Tekna #1030,Nissan,Leaf,Tekna,5370,2022,58110,Diesel,Manual,12,SW0,Local Garage,Direct Autos,Dec 2026,2026-06-23,96,£330 below similar listings,/images/cars/nissan-leaf.jpg,https://example.invalid/listing/1030
1031,Honda Civic i-VTEC #1031,Honda,Civic,i-VTEC,5749,2023,58247,Hybrid,Automatic,19,SW1,Partner Dealer,EV Specialists,Dec 2026,2026-06-24,97,£331 below similar listings,/images/cars/honda-civic.jpg,https://example.invalid/listing/1031
1032,Mazda 3 SE-L #1032,Mazda,3,SE-L,6128,2024,58384,Electric,Manual,26,SW2,eBay,AutoMart London,Dec 2026,2026-06-25,55,£332 below similar listings,/images/cars/mazda-3.jpg,https://example.invalid/listing/1032
1033,Volkswagen Golf 1.5 TSI #1033,Volkswagen,Golf,1.5 TSI,6507,2025,58521,Petrol,Automatic,33,SW3,Dealer Site,City Motors,Dec 2026,2026-06-26,56,£333 below similar listings,/images/cars/vw-golf.jpg,https://example.invalid/listing/1033
1034,Ford Fiesta Titanium #1034,Ford,Fiesta,Titanium,6886,2015,58658,Diesel,Manual,40,SW4,Local Garage,Premium Cars Ltd,Dec 2026,2026-06-27,57,£334 below similar listings,/images/cars/ford-fiesta.jpg,https://example.invalid/listing/1034
1035,BMW 118i Sport #1035,BMW,118i,Sport,7265,2016,58795,Hybrid,Automatic,47,SW5,Partner Dealer,Green Drive Motors,Dec 2026,2026-06-28,58,£335 below similar listings,/images/cars/bmw-1-series.jpg,https://example.invalid/listing/1035
1036,Toyota Yaris Hybrid #1036,Toyota,Yaris,Hybrid,7644,2017,58932,Electric,Manual,54,SW6,eBay,Direct Autos,Dec 2026,2026-06-01,59,£336 below similar listings,/images/cars/toyota-yaris.jpg,https://example.invalid/listing/1036
1037,Audi A3 TDI Sport #1037,Audi,A3,TDI Sport,8023,2018,59069,Petrol,Automatic,61,SW7,Dealer Site,EV Specialists,Dec 2026,2026-06-02,60,£337 below similar listings,/images/cars/audi-a3.jpg,https://example.invalid/listing/1037
1038,Nissan Leaf Tekna #1038,Nissan,Leaf,Tekna,8402,2019,59206,Diesel,Manual,68,SW8,Local Garage,AutoMart London,Dec 2026,2026-06-03,61,£338 below similar listings,/images/cars/nissan-leaf.jpg,https://example.invalid/listing/1038
1039,Honda Civic i-VTEC #1039,Honda,Civic,i-VTEC,8781,2020,59343,Hybrid,Automatic,75,SW9,Partner Dealer,City Motors,Dec 2026,2026-06-04,62,£339 below similar listings,/images/cars/honda-civic.jpg,https://example.invalid/listing/1039
1040,Mazda 3 SE-L #1040,Mazda,3,SE-L,9160,2021,59480,Electric,Manual,82,SW10,eBay,Premium Cars Ltd,Dec 2026,2026-06-05,63,£340 below similar listings,/images/cars/mazda-3.jpg,https://example.invalid/listing/1040
1041,Volkswagen Golf 1.5 TSI #1041,Volkswagen,Golf,1.5 TSI,9539,2022,59617,Petrol,Automatic,89,SW11,Dealer Site,Green Drive Motors,Dec 2026,2026-06-06,64,£341 below similar listings,/images/cars/vw-golf.jpg,https://example.invalid/listing/1041
1042,Ford Fiesta Titanium #1042,Ford,Fiesta,Titanium,9918,2023,59754,Diesel,Manual,96,SW12,Local Garage,Direct Autos,Dec 2026,2026-06-07,65,£342 below similar listings,/images/cars/ford-fiesta.jpg,https://example.invalid/listing/1042
1043,BMW 118i Sport #1043,BMW,118i,Sport,10297,2024,59891,Hybrid,Automatic,103,SW13,Partner Dealer,EV Specialists,Dec 2026,2026-06-08,66,£343 below similar listings,/images/cars/bmw-1-series.jpg,https://example.invalid/listing/1043
1044,Toyota Yaris Hybrid #1044,Toyota,Yaris,Hybrid,10676,2025,60028,Electric,Manual,110,SW14,eBay,AutoMart London,Dec 2026,2026-06-09,67,£344 below similar listings,/images/cars/toyota-yaris.jpg,https://example.invalid/listing/1044
1045,Audi A3 TDI Sport #1045,Audi,A3,TDI Sport,11055,2015,60165,Petrol,Automatic,117,SW15,Dealer Site,City Motors,Dec 2026,2026-06-10,68,£345 below similar listings,/images/cars/audi-a3.jpg,https://example.invalid/listing/1045
1046,Nissan Leaf Tekna #1046,Nissan,Leaf,Tekna,11434,2016,60302,Diesel,Manual,124,SW16,Local Garage,Premium Cars Ltd,Dec 2026,2026-06-11,69,£346 below similar listings,/images/cars/nissan-leaf.jpg,https://example.invalid/listing/1046
1047,Honda Civic i-VTEC #1047,Honda,Civic,i-VTEC,11813,2017,60439,Hybrid,Automatic,131,SW17,Partner Dealer,Green Drive Motors,Dec 2026,2026-06-12,70,£347 below similar listings,/images/cars/honda-civic.jpg,https://example.invalid/listing/1047
1048,Mazda 3 SE-L #1048,Mazda,3,SE-L,12192,2018,60576,Electric,Manual,138,SW18,eBay,Direct Autos,Dec 2026,2026-06-13,71,£348 below similar listings,/images/cars/mazda-3.jpg,https://example.invalid/listing/1048
1049,Volkswagen Golf 1.5 TSI #1049,Volkswagen,Golf,1.5 TSI,12571,2019,60713,Petrol,Automatic,145,SW19,Dealer Site,EV Specialists,Dec 2026,2026-06-14,72,£349 below similar listings,/images/cars/vw-golf.jpg,https://example.invalid/listing/1049
1050,Ford Fiesta Titanium #1050,Ford,Fiesta,Titanium,12950,2020,60850,Diesel,Manual,2,SW0,Local Garage,AutoMart London,Dec 2026,2026-06-15,73,£350 below similar listings,/images/cars/ford-fiesta.jpg,https://example.invalid/listing/1050
1051,BMW 118i Sport #1051,BMW,118i,Sport,13329,2021,60987,Hybrid,Automatic,9,SW1,Partner Dealer,City Motors,Dec 2026,2026-06-16,74,£351 below similar listings,/images/cars/bmw-1-series.jpg,https://example.invalid/listing/1051
1052,Toyota Yaris Hybrid #1052,Toyota,Yaris,Hybrid,13708,2022,61124,Electric,Manual,16,SW2,eBay,Premium Cars Ltd,Dec 2026,2026-06-17,75,£352 below similar listings,/images/cars/toyota-yaris.jpg,https://example.invalid/listing/1052
1053,Audi A3 TDI Sport #1053,Audi,A3,TDI Sport,14087,2023,61261,Petrol,Automatic,23,SW3,Dealer Site,Green Drive Motors,Dec 2026,2026-06-18,76,£353 below similar listings,/images/cars/audi-a3.jpg,https://example.invalid/listing/1053
1054,Nissan Leaf Tekna #1054,Nissan,Leaf,Tekna,14466,2024,61398,Diesel,Manual,30,SW4,Local Garage,Direct Autos,Dec 2026,2026-06-19,77,£354 below similar listings,/images/cars/nissan-leaf.jpg,https://example.invalid/listing/1054
1055,Honda Civic i-VTEC #1055,Honda,Civic,i-VTEC,14845,2025,61535,Hybrid,Automatic,37,SW5,Partner Dealer,EV Specialists,Dec 2026,2026-06-20,78,£355 below similar listings,/images/cars/honda-civic.jpg,https://example.invalid/listing/1055
1056,Mazda 3 SE-L #1056,Mazda,3,SE-L,15224,2015,61672,Electric,Manual,44,SW6,eBay,AutoMart London,Dec 2026,2026-06-21,79,£356 below similar listings,/images/cars/mazda-3.jpg,https://example.invalid/listing/1056
1057,Volkswagen Golf 1.5 TSI #1057,Volkswagen,Golf,1.5 TSI,15603,2016,61809,Petrol,Automatic,51,SW7,Dealer Site,City Motors,Dec 2026,2026-06-22,80,£357 below similar listings,/images/cars/vw-golf.jpg,https://example.invalid/listing/1057
1058,Ford Fiesta Titanium #1058,Ford,Fiesta,Titanium,15982,2017,61946,Diesel,Manual,58,SW8,Local Garage,Premium Cars Ltd,Dec 2026,2026-06-23,81,£358 below similar listings,/images/cars/ford-fiesta.jpg,https://example.invalid/listing/1058
1059,BMW 118i Sport #1059,BMW,118i,Sport,16361,2018,62083,Hybrid,Automatic,65,SW9,Partner Dealer,Green Drive Motors,Dec 2026,2026-06-24,82,£359 below similar listings,/images/cars/bmw-1-series.jpg,https://example.invalid/listing/1059
1060,Toyota Yaris Hybrid #1060,Toyota,Yaris,Hybrid,16740,2019,62220,Electric,Manual,72,SW10,eBay,Direct Autos,Dec 2026,2026-06-25,83,£360 below similar listings,/images/cars/toyota-yaris.jpg,https://example.invalid/listing/1060
1061,Audi A3 TDI Sport #1061,Audi,A3,TDI Sport,17119,2020,62357,Petrol,Automatic,79,SW11,Dealer Site,EV Specialists,Dec 2026,2026-06-26,84,£361 below similar listings,/images/cars/audi-a3.jpg,https://example.invalid/listing/1061
1062,Nissan Leaf Tekna #1062,Nissan,Leaf,Tekna,17498,2021,62494,Diesel,Manual,86,SW12,Local Garage,AutoMart London,Dec 2026,2026-06-27,85,£362 below similar listings,/images/cars/nissan-leaf.jpg,https://example.invalid/listing/1062
1063,Honda Civic i-VTEC #1063,Honda,Civic,i-VTEC,17877,2022,62631,Hybrid,Automatic,93,SW13,Partner Dealer,City Motors,Dec 2026,2026-06-28,86,£363 below similar listings,/images/cars/honda-civic.jpg,https://example.invalid/listing/1063
1064,Mazda 3 SE-L #1064,Mazda,3,SE-L,18256,2023,62768,Electric,Manual,100,SW14,eBay,Premium Cars Ltd,Dec 2026,2026-06-01,87,£364 below similar listings,/images/cars/mazda-3.jpg,https://example.invalid/listing/1064
1065,Volkswagen Golf 1.5 TSI #1065,Volkswagen,Golf,1.5 TSI,18635,2024,62905,Petrol,Automatic,107,SW15,Dealer Site,Green Drive Motors,Dec 2026,2026-06-02,88,£365 below similar listings,/images/cars/vw-golf.jpg,https://example.invalid/listing/1065
1066,Ford Fiesta Titanium #1066,Ford,Fiesta,Titanium,19014,2025,63042,Diesel,Manual,114,SW16,Local Garage,Direct Autos,Dec 2026,2026-06-03,89,£366 below similar listings,/images/cars/ford-fiesta.jpg,https://example.invalid/listing/1066
1067,BMW 118i Sport #1067,BMW,118i,Sport,19393,2015,63179,Hybrid,Automatic,121,SW17,Partner Dealer,EV Specialists,Dec 2026,2026-06-04,90,£367 below similar listings,/images/cars/bmw-1-series.jpg,https://example.invalid/listing/1067
1068,Toyota Yaris Hybrid #1068,Toyota,Yaris,Hybrid,19772,2016,63316,Electric,Manual,128,SW18,eBay,AutoMart London,Dec 2026,2026-06-05,91,£368 below similar listings,/images/cars/toyota-yaris.jpg,https://example.invalid/listing/1068
1069,Audi A3 TDI Sport #1069,Audi,A3,TDI Sport,20151,2017,63453,Petrol,Automatic,135,SW19,Dealer Site,City Motors,Dec 2026,2026-06-06,92,£369 below similar listings,/images/cars/audi-a3.jpg,https://example.invalid/listing/1069
1070,Nissan Leaf Tekna #1070,Nissan,Leaf,Tekna,20530,2018,63590,Diesel,Manual,142,SW0,Local Garage,Premium Cars Ltd,Dec 2026,2026-06-07,93,£370 below similar listings,/images/cars/nissan-leaf.jpg,https://example.invalid/listing/1070
1071,Honda Civic i-VTEC #1071,Honda,Civic,i-VTEC,20909,2019,63727,Hybrid,Automatic,149,SW1,Partner Dealer,Green Drive Motors,Dec 2026,2026-06-08,94,£371 below similar listings,/images/cars/honda-civic.jpg,https://example.invalid/listing/1071
1072,Mazda 3 SE-L #1072,Mazda,3,SE-L,21288,2020,63864,Electric,Manual,6,SW2,eBay,Direct Autos,Dec 2026,2026-06-09,95,£372 below similar listings,/images/cars/mazda-3.jpg,https://example.invalid/listing/1072
1073,Volkswagen Golf 1.5 TSI #1073,Volkswagen,Golf,1.5 TSI,21667,2021,64001,Petrol,Automatic,13,SW3,Dealer Site,EV Specialists,Dec 2026,2026-06-10,96,£373 below similar listings,/images/cars/vw-golf.jpg,https://example.invalid/listing/1073
1074,Ford Fiesta Titanium #1074,Ford,Fiesta,Titanium,22046,2022,64138,Diesel,Manual,20,SW4,Local Garage,AutoMart London,Dec 2026,2026-06-11,97,£374 below similar listings,/images/cars/ford-fiesta.jpg,https://example.invalid/listing/1074
1075,BMW 118i Sport #1075,BMW,118i,Sport,22425,2023,64275,Hybrid,Automatic,27,SW5,Partner Dealer,City Motors,Dec 2026,2026-06-12,55,£375 below similar listings,/images/cars/bmw-1-series.jpg,https://example.invalid/listing/1075
1076,Toyota Yaris Hybrid #1076,Toyota,Yaris,Hybrid,22804,2024,64412,Electric,Manual,34,SW6,eBay,Premium Cars Ltd,Dec 2026,2026-06-13,56,£376 below similar listings,/images/cars/toyota-yaris.jpg,https://example.invalid/listing/1076
1077,Audi A3 TDI Sport #1077,Audi,A3,TDI Sport,23183,2025,64549,Petrol,Automatic,41,SW7,Dealer Site,Green Drive Motors,Dec 2026,2026-06-14,57,£377 below similar listings,/images/cars/audi-a3.jpg,https://example.invalid/listing/1077
1078,Nissan Leaf Tekna #1078,Nissan,Leaf,Tekna,23562,2015,64686,Diesel,Manual,48,SW8,Local Garage,Direct Autos,Dec 2026,2026-06-15,58,£378 below similar listings,/images/cars/nissan-leaf.jpg,https://example.invalid/listing/1078
1079,Honda Civic i-VTEC #1079,Honda,Civic,i-VTEC,23941,2016,64823,Hybrid,Automatic,55,SW9,Partner Dealer,EV Specialists,Dec 2026,2026-06-16,59,£379 below similar listings,/images/cars/honda-civic.jpg,https://example.invalid/listing/1079
1080,Mazda 3 SE-L #1080,Mazda,3,SE-L,24320,2017,64960,Electric,Manual,62,SW10,eBay,AutoMart London,Dec 2026,2026-06-17,60,£380 below similar listings,/images/cars/mazda-3.jpg,https://example.invalid/listing/1080
1081,Volkswagen Golf 1.5 TSI #1081,Volkswagen,Golf,1.5 TSI,24699,2018,65097,Petrol,Automatic,69,SW11,Dealer Site,City Motors,Dec 2026,2026-06-18,61,£381 below similar listings,/images/cars/vw-golf.jpg,https://example.invalid/listing/1081
1082,Ford Fiesta Titanium #1082,Ford,Fiesta,Titanium,25078,2019,65234,Diesel,Manual,76,SW12,Local Garage,Premium Cars Ltd,Dec 2026,2026-06-19,62,£382 below similar listings,/images/cars/ford-fiesta.jpg,https://example.invalid/listing/1082
1083,BMW 118i Sport #1083,BMW,118i,Sport,25457,2020,65371,Hybrid,Automatic,83,SW13,Partner Dealer,Green Drive Motors,Dec 2026,2026-06-20,63,£383 below similar listings,/images/cars/bmw-1-series.jpg,https://example.invalid/listing/1083
1084,Toyota Yaris Hybrid #1084,Toyota,Yaris,Hybrid,25836,2021,65508,Electric,Manual,90,SW14,eBay,Direct Autos,Dec 2026,2026-06-21,64,£384 below similar listings,/images/cars/toyota-yaris.jpg,https://example.invalid/listing/1084
1085,Audi A3 TDI Sport #1085,Audi,A3,TDI Sport,26215,2022,65645,Petrol,Automatic,97,SW15,Dealer Site,EV Specialists,Dec 2026,2026-06-22,65,£385 below similar listings,/images/cars/audi-a3.jpg,https://example.invalid/listing/1085
1086,Nissan Leaf Tekna #1086,Nissan,Leaf,Tekna,26594,2023,65782,Diesel,Manual,104,SW16,Local Garage,AutoMart London,Dec 2026,2026-06-23,66,£386 below similar listings,/images/cars/nissan-leaf.jpg,https://example.invalid/listing/1086
1087,Honda Civic i-VTEC #1087,Honda,Civic,i-VTEC,26973,2024,65919,Hybrid,Automatic,111,SW17,Partner Dealer,City Motors,Dec 2026,2026-06-24,67,£387 below similar listings,/images/cars/honda-civic.jpg,https://example.invalid/listing/1087
1088,Mazda 3 SE-L #1088,Mazda,3,SE-L,27352,2025,66056,Electric,Manual,118,SW18,eBay,Premium Cars Ltd,Dec 2026,2026-06-25,68,£388 below similar listings,/images/cars/mazda-3.jpg,https://example.invalid/listing/1088
1089,Volkswagen Golf 1.5 TSI #1089,Volkswagen,Golf,1.5 TSI,27731,2015,66193,Petrol,Automatic,125,SW19,Dealer Site,Green Drive Motors,Dec 2026,2026-06-26,69,£389 below similar listings,/images/cars/vw-golf.jpg,https://example.invalid/listing/1089
1090,Ford Fiesta Titanium #1090,Ford,Fiesta,Titanium,28110,2016,66330,Diesel,Manual,132,SW0,Local Garage,Direct Autos,Dec 2026,2026-06-27,70,£390 below similar listings,/images/cars/ford-fiesta.jpg,https://example.invalid/listing/1090
1091,BMW 118i Sport #1091,BMW,118i,Sport,28489,2017,66467,Hybrid,Automatic,139,SW1,Partner Dealer,EV Specialists,Dec 2026,2026-06-28,71,£391 below similar listings,/images/cars/bmw-1-series.jpg,https://example.invalid/listing/1091
1092,Toyota Yaris Hybrid #1092,Toyota,Yaris,Hybrid,28868,2018,66604,Electric,Manual,146,SW2,eBay,AutoMart London,Dec 2026,2026-06-01,72,£392 below similar listings,/images/cars/toyota-yaris.jpg,https://example.invalid/listing/1092
1093,Audi A3 TDI Sport #1093,Audi,A3,TDI Sport,29247,2019,66741,Petrol,Automatic,3,SW3,Dealer Site,City Motors,Dec 2026,2026-06-02,73,£393 below similar listings,/images/cars/audi-a3.jpg,https://example.invalid/listing/1093
1094,Nissan Leaf Tekna #1094,Nissan,Leaf,Tekna,29626,2020,66878,Diesel,Manual,10,SW4,Local Garage,Premium Cars Ltd,Dec 2026,2026-06-03,74,£394 below similar listings,/images/cars/nissan-leaf.jpg,https://example.invalid/listing/1094
1095,Honda Civic i-VTEC #1095,Honda,Civic,i-VTEC,30005,2021,67015,Hybrid,Automatic,17,SW5,Partner Dealer,Green Drive Motors,Dec 2026,2026-06-04,75,£395 below similar listings,/images/cars/honda-civic.jpg,https://example.invalid/listing/1095
1096,Mazda 3 SE-L #1096,Mazda,3,SE-L,30384,2022,67152,Electric,Manual,24,SW6,eBay,Direct Autos,Dec 2026,2026-06-05,76,£396 below similar listings,/images/cars/mazda-3.jpg,https://example.invalid/listing/1096
1097,Volkswagen Golf 1.5 TSI #1097,Volkswagen,Golf,1.5 TSI,30763,2023,67289,Petrol,Automatic,31,SW7,Dealer Site,EV Specialists,Dec 2026,2026-06-06,77,£397 below similar listings,/images/cars/vw-golf.jpg,https://example.invalid/listing/1097
1098,Ford Fiesta Titanium #1098,Ford,Fiesta,Titanium,5142,2024,67426,Diesel,Manual,38,SW8,Local Garage,AutoMart London,Dec 2026,2026-06-07,78,£398 below similar listings,/images/cars/ford-fiesta.jpg,https://example.invalid/listing/1098
1099,BMW 118i Sport #1099,BMW,118i,Sport,5521,2025,67563,Hybrid,Automatic,45,SW9,Partner Dealer,City Motors,Dec 2026,2026-06-08,79,£399 below similar listings,/images/cars/bmw-1-series.jpg,https://example.invalid/listing/1099
1100,Toyota Yaris Hybrid #1100,Toyota,Yaris,Hybrid,5900,2015,67700,Electric,Manual,52,SW10,eBay,Premium Cars Ltd,Dec 2026,2026-06-09,80,£400 below similar listings,/images/cars/toyota-yaris.jpg,https://example.invalid/listing/1100
1101,Audi A3 TDI Sport #1101,Audi,A3,TDI Sport,6279,2016,67837,Petrol,Automatic,59,SW11,Dealer Site,Green Drive Motors,Dec 2026,2026-06-10,81,£401 below similar listings,/images/cars/audi-a3.jpg,https://example.invalid/listing/1101
1102,Nissan Leaf Tekna #1102,Nissan,Leaf,Tekna,6658,2017,67974,Diesel,Manual,66,SW12,Local Garage,Direct Autos,Dec 2026,2026-06-11,82,£402 below similar listings,/images/cars/nissan-leaf.jpg,https://example.invalid/listing/1102
1103,Honda Civic i-VTEC #1103,Honda,Civic,i-VTEC,7037,2018,68111,Hybrid,Automatic,73,SW13,Partner Dealer,EV Specialists,Dec 2026,2026-06-12,83,£403 below similar listings,/images/cars/honda-civic.jpg,https://example.invalid/listing/1103
1104,Mazda 3 SE-L #1104,Mazda,3,SE-L,7416,2019,68248,Electric,Manual,80,SW14,eBay,AutoMart London,Dec 2026,2026-06-13,84,£404 below similar listings,/images/cars/mazda-3.jpg,https://example.invalid/listing/1104
1105,Volkswagen Golf 1.5 TSI #1105,Volkswagen,Golf,1.5 TSI,7795,2020,68385,Petrol,Automatic,87,SW15,Dealer Site,City Motors,Dec 2026,2026-06-14,85,£405 below similar listings,/images/cars/vw-golf.jpg,https://example.invalid/listing/1105
1106,Ford Fiesta Titanium #1106,Ford,Fiesta,Titanium,8174,2021,68522,Diesel,Manual,94,SW16,Local Garage,Premium Cars Ltd,Dec 2026,2026-06-15,86,£406 below similar listings,/images/cars/ford-fiesta.jpg,https://example.invalid/listing/1106
1107,BMW 118i Sport #1107,BMW,118i,Sport,8553,2022,68659,Hybrid,Automatic,101,SW17,Partner Dealer,Green Drive Motors,Dec 2026,2026-06-16,87,£407 below similar listings,/images/cars/bmw-1-series.jpg,https://example.invalid/listing/1107
1108,Toyota Yaris Hybrid #1108,Toyota,Yaris,Hybrid,8932,2023,68796,Electric,Manual,108,SW18,eBay,Direct Autos,Dec 2026,2026-06-17,88,£408 below similar listings,/images/cars/toyota-yaris.jpg,https://example.invalid/listing/1108
1109,Audi A3 TDI Sport #1109,Audi,A3,TDI Sport,9311,2024,68933,Petrol,Automatic,115,SW19,Dealer Site,EV Specialists,Dec 2026,2026-06-18,89,£409 below similar listings,/images/cars/audi-a3.jpg,https://example.invalid/listing/1109
1110,Nissan Leaf Tekna #1110,Nissan,Leaf,Tekna,9690,2025,69070,Diesel,Manual,122,SW0,Local Garage,AutoMart London,Dec 2026,2026-06-19,90,£410 below similar listings,/images/cars/nissan-leaf.jpg,https://example.invalid/listing/1110
1111,Honda Civic i-VTEC #1111,Honda,Civic,i-VTEC,10069,2015,69207,Hybrid,Automatic,129,SW1,Partner Dealer,City Motors,Dec 2026,2026-06-20,91,£411 below similar listings,/images/cars/honda-civic.jpg,https://example.invalid/listing/1111
1112,Mazda 3 SE-L #1112,Mazda,3,SE-L,10448,2016,69344,Electric,Manual,136,SW2,eBay,Premium Cars Ltd,Dec 2026,2026-06-21,92,£412 below similar listings,/images/cars/mazda-3.jpg,https://example.invalid/listing/1112
1113,Volkswagen Golf 1.5 TSI #1113,Volkswagen,Golf,1.5 TSI,10827,2017,69481,Petrol,Automatic,143,SW3,Dealer Site,Green Drive Motors,Dec 2026,2026-06-22,93,£413 below similar listings,/images/cars/vw-golf.jpg,https://example.invalid/listing/1113
1114,Ford Fiesta Titanium #1114,Ford,Fiesta,Titanium,11206,2018,69618,Diesel,Manual,150,SW4,Local Garage,Direct Autos,Dec 2026,2026-06-23,94,£414 below similar listings,/images/cars/ford-fiesta.jpg,https://example.invalid/listing/1114
1115,BMW 118i Sport #1115,BMW,118i,Sport,11585,2019,69755,Hybrid,Automatic,7,SW5,Partner Dealer,EV Specialists,Dec 2026,2026-06-24,95,£415 below similar listings,/images/cars/bmw-1-series.jpg,https://example.invalid/listing/1115
1116,Toyota Yaris Hybrid #1116,Toyota,Yaris,Hybrid,11964,2020,69892,Electric,Manual,14,SW6,eBay,AutoMart London,Dec 2026,2026-06-25,96,£416 below similar listings,/images/cars/toyota-yaris.jpg,https://example.invalid/listing/1116
1117,Audi A3 TDI Sport #1117,Audi,A3,TDI Sport,12343,2021,70029,Petrol,Automatic,21,SW7,Dealer Site,City Motors,Dec 2026,2026-06-26,97,£417 below similar listings,/images/cars/audi-a3.jpg,https://example.invalid/listing/1117
1118,Nissan Leaf Tekna #1118,Nissan,Leaf,Tekna,12722,2022,70166,Diesel,Manual,28,SW8,Local Garage,Premium Cars Ltd,Dec 2026,2026-06-27,55,£418 below similar listings,/images/cars/nissan-leaf.jpg,https://example.invalid/listing/1118
1119,Honda Civic i-VTEC #1119,Honda,Civic,i-VTEC,13101,2023,70303,Hybrid,Automatic,35,SW9,Partner Dealer,Green Drive Motors,Dec 2026,2026-06-28,56,£419 below similar listings,/images/cars/honda-civic.jpg,https://example.invalid/listing/1119
1120,Mazda 3 SE-L #1120,Mazda,3,SE-L,13480,2024,70440,Electric,Manual,42,SW10,eBay,Direct Autos,Dec 2026,2026-06-01,57,£420 below similar listings,/images/cars/mazda-3.jpg,https://example.invalid/listing/1120
1121,Volkswagen Golf 1.5 TSI #1121,Volkswagen,Golf,1.5 TSI,13859,2025,70577,Petrol,Automatic,49,SW11,Dealer Site,EV Specialists,Dec 2026,2026-06-02,58,£421 below similar listings,/images/cars/vw-golf.jpg,https://example.invalid/listing/1121
1122,Ford Fiesta Titanium #1122,Ford,Fiesta,Titanium,14238,2015,70714,Diesel,Manual,56,SW12,Local Garage,AutoMart London,Dec 2026,2026-06-03,59,£422 below similar listings,/images/cars/ford-fiesta.jpg,https://example.invalid/listing/1122
1123,BMW 118i Sport #1123,BMW,118i,Sport,14617,2016,70851,Hybrid,Automatic,63,SW13,Partner Dealer,City Motors,Dec 2026,2026-06-04,60,£423 below similar listings,/images/cars/bmw-1-series.jpg,https://example.invalid/listing/1123
1124,Toyota Yaris Hybrid #1124,Toyota,Yaris,Hybrid,14996,2017,70988,Electric,Manual,70,SW14,eBay,Premium Cars Ltd,Dec 2026,2026-06-05,61,£424 below similar listings,/images/cars/toyota-yaris.jpg,https://example.invalid/listing/1124
1125,Audi A3 TDI Sport #1125,Audi,A3,TDI Sport,15375,2018,71125,Petrol,Automatic,77,SW15,Dealer Site,Green Drive Motors,Dec 2026,2026-06-06,62,£425 below similar listings,/images/cars/audi-a3.jpg,https://example.invalid/listing/1125
1126,Nissan Leaf Tekna #1126,Nissan,Leaf,Tekna,15754,2019,71262,Diesel,Manual,84,SW16,Local Garage,Direct Autos,Dec 2026,2026-06-07,63,£426 below similar listings,/images/cars/nissan-leaf.jpg,https://example.invalid/listing/1126
1127,Honda Civic i-VTEC #1127,Honda,Civic,i-VTEC,16133,2020,71399,Hybrid,Automatic,91,SW17,Partner Dealer,EV Specialists,Dec 2026,2026-06-08,64,£427 below similar listings,/images/cars/honda-civic.jpg,https://example.invalid/listing/1127
1128,Mazda 3 SE-L #1128,Mazda,3,SE-L,16512,2021,71536,Electric,Manual,98,SW18,eBay,AutoMart London,Dec 2026,2026-06-09,65,£428 below similar listings,/images/cars/mazda-3.jpg,https://example.invalid/listing/1128
1129,Volkswagen Golf 1.5 TSI #1129,Volkswagen,Golf,1.5 TSI,16891,2022,71673,Petrol,Automatic,105,SW19,Dealer Site,City Motors,Dec 2026,2026-06-10,66,£429 below similar listings,/images/cars/vw-golf.jpg,https://example.invalid/listing/1129
1130,Ford Fiesta Titanium #1130,Ford,Fiesta,Titanium,17270,2023,71810,Diesel,Manual,112,SW0,Local Garage,Premium Cars Ltd,Dec 2026,2026-06-11,67,£430 below similar listings,/images/cars/ford-fiesta.jpg,https://example.invalid/listing/1130
1131,BMW 118i Sport #1131,BMW,118i,Sport,17649,2024,71947,Hybrid,Automatic,119,SW1,Partner Dealer,Green Drive Motors,Dec 2026,2026-06-12,68,£431 below similar listings,/images/cars/bmw-1-series.jpg,https://example.invalid/listing/1131
1132,Toyota Yaris Hybrid #1132,Toyota,Yaris,Hybrid,18028,2025,72084,Electric,Manual,126,SW2,eBay,Direct Autos,Dec 2026,2026-06-13,69,£432 below similar listings,/images/cars/toyota-yaris.jpg,https://example.invalid/listing/1132
1133,Audi A3 TDI Sport #1133,Audi,A3,TDI Sport,18407,2015,72221,Petrol,Automatic,133,SW3,Dealer Site,EV Specialists,Dec 2026,2026-06-14,70,£433 below similar listings,/images/cars/audi-a3.jpg,https://example.invalid/listing/1133
1134,Nissan Leaf Tekna #1134,Nissan,Leaf,Tekna,18786,2016,72358,Diesel,Manual,140,SW4,Local Garage,AutoMart London,Dec 2026,2026-06-15,71,£434 below similar listings,/images/cars/nissan-leaf.jpg,https://example.invalid/listing/1134
1135,Honda Civic i-VTEC #1135,Honda,Civic,i-VTEC,19165,2017,72495,Hybrid,Automatic,147,SW5,Partner Dealer,City Motors,Dec 2026,2026-06-16,72,£435 below similar listings,/images/cars/honda-civic.jpg,https://example.invalid/listing/1135
1136,Mazda 3 SE-L #1136,Mazda,3,SE-L,19544,2018,72632,Electric,Manual,4,SW6,eBay,Premium Cars Ltd,Dec 2026,2026-06-17,73,£436 below similar listings,/images/cars/mazda-3.jpg,https://example.invalid/listing/1136
1137,Volkswagen Golf 1.5 TSI #1137,Volkswagen,Golf,1.5 TSI,19923,2019,72769,Petrol,Automatic,11,SW7,Dealer Site,Green Drive Motors,Dec 2026,2026-06-18,74,£437 below similar listings,/images/cars/vw-golf.jpg,https://example.invalid/listing/1137
1138,Ford Fiesta Titanium #1138,Ford,Fiesta,Titanium,20302,2020,72906,Diesel,Manual,18,SW8,Local Garage,Direct Autos,Dec 2026,2026-06-19,75,£438 below similar listings,/images/cars/ford-fiesta.jpg,https://example.invalid/listing/1138
1139,BMW 118i Sport #1139,BMW,118i,Sport,20681,2021,73043,Hybrid,Automatic,25,SW9,Partner Dealer,EV Specialists,Dec 2026,2026-06-20,76,£439 below similar listings,/images/cars/bmw-1-series.jpg,https://example.invalid/listing/1139
1140,Toyota Yaris Hybrid #1140,Toyota,Yaris,Hybrid,21060,2022,73180,Electric,Manual,32,SW10,eBay,AutoMart London,Dec 2026,2026-06-21,77,£440 below similar listings,/images/cars/toyota-yaris.jpg,https://example.invalid/listing/1140
1141,Audi A3 TDI Sport #1141,Audi,A3,TDI Sport,21439,2023,73317,Petrol,Automatic,39,SW11,Dealer Site,City Motors,Dec 2026,2026-06-22,78,£441 below similar listings,/images/cars/audi-a3.jpg,https://example.invalid/listing/1141
1142,Nissan Leaf Tekna #1142,Nissan,Leaf,Tekna,21818,2024,73454,Diesel,Manual,46,SW12,Local Garage,Premium Cars Ltd,Dec 2026,2026-06-23,79,£442 below similar listings,/images/cars/nissan-leaf.jpg,https://example.invalid/listing/1142
1143,Honda Civic i-VTEC #1143,Honda,Civic,i-VTEC,22197,2025,73591,Hybrid,Automatic,53,SW13,Partner Dealer,Green Drive Motors,Dec 2026,2026-06-24,80,£443 below similar listings,/images/cars/honda-civic.jpg,https://example.invalid/listing/1143
1144,Mazda 3 SE-L #1144,Mazda,3,SE-L,22576,2015,73728,Electric,Manual,60,SW14,eBay,Direct Autos,Dec 2026,2026-06-25,81,£444 below similar listings,/images/cars/mazda-3.jpg,https://example.invalid/listing/1144
1145,Volkswagen Golf 1.5 TSI #1145,Volkswagen,Golf,1.5 TSI,22955,2016,73865,Petrol,Automatic,67,SW15,Dealer Site,EV Specialists,Dec 2026,2026-06-26,82,£445 below similar listings,/images/cars/vw-golf.jpg,https://example.invalid/listing/1145
1146,Ford Fiesta Titanium #1146,Ford,Fiesta,Titanium,23334,2017,74002,Diesel,Manual,74,SW16,Local Garage,AutoMart London,Dec 2026,2026-06-27,83,£446 below similar listings,/images/cars/ford-fiesta.jpg,https://example.invalid/listing/1146
1147,BMW 118i Sport #1147,BMW,118i,Sport,23713,2018,74139,Hybrid,Automatic,81,SW17,Partner Dealer,City Motors,Dec 2026,2026-06-28,84,£447 below similar listings,/images/cars/bmw-1-series.jpg,https://example.invalid/listing/1147
1148,Toyota Yaris Hybrid #1148,Toyota,Yaris,Hybrid,24092,2019,74276,Electric,Manual,88,SW18,eBay,Premium Cars Ltd,Dec 2026,2026-06-01,85,£448 below similar listings,/images/cars/toyota-yaris.jpg,https://example.invalid/listing/1148
1149,Audi A3 TDI Sport #1149,Audi,A3,TDI Sport,24471,2020,74413,Petrol,Automatic,95,SW19,Dealer Site,Green Drive Motors,Dec 2026,2026-06-02,86,£449 below similar listings,/images/cars/audi-a3.jpg,https://example.invalid/listing/1149
1150,Nissan Leaf Tekna #1150,Nissan,Leaf,Tekna,24850,2021,74550,Diesel,Manual,102,SW0,Local Garage,Direct Autos,Dec 2026,2026-06-03,87,£450 below similar listings,/images/cars/nissan-leaf.jpg,https://example.invalid/listing/1150
1151,Honda Civic i-VTEC #1151,Honda,Civic,i-VTEC,25229,2022,74687,Hybrid,Automatic,109,SW1,Partner Dealer,EV Specialists,Dec 2026,2026-06-04,88,£451 below similar listings,/images/cars/honda-civic.jpg,https://example.invalid/listing/1151
1152,Mazda 3 SE-L #1152,Mazda,3,SE-L,25608,2023,74824,Electric,Manual,116,SW2,eBay,AutoMart London,Dec 2026,2026-06-05,89,£452 below similar listings,/images/cars/mazda-3.jpg,https://example.invalid/listing/1152
1153,Volkswagen Golf 1.5 TSI #1153,Volkswagen,Golf,1.5 TSI,25987,2024,74961,Petrol,Automatic,123,SW3,Dealer Site,City Motors,Dec 2026,2026-06-06,90,£453 below similar listings,/images/cars/vw-golf.jpg,https://example.invalid/listing/1153
1154,Ford Fiesta Titanium #1154,Ford,Fiesta,Titanium,26366,2025,75098,Diesel,Manual,130,SW4,Local Garage,Premium Cars Ltd,Dec 2026,2026-06-07,91,£454 below similar listings,/images/cars/ford-fiesta.jpg,https://example.invalid/listing/1154
1155,BMW 118i Sport #1155,BMW,118i,Sport,26745,2015,75235,Hybrid,Automatic,137,SW5,Partner Dealer,Green Drive Motors,Dec 2026,2026-06-08,92,£455 below similar listings,/images/cars/bmw-1-series.jpg,https://example.invalid/listing/1155
1156,Toyota Yaris Hybrid #1156,Toyota,Yaris,Hybrid,27124,2016,75372,Electric,Manual,144,SW6,eBay,Direct Autos,Dec 2026,2026-06-09,93,£456 below similar listings,/images/cars/toyota-yaris.jpg,https://example.invalid/listing/1156
1157,Audi A3 TDI Sport #1157,Audi,A3,TDI Sport,27503,2017,75509,Petrol,Automatic,151,SW7,Dealer Site,EV Specialists,Dec 2026,2026-06-10,94,£457 below similar listings,/images/cars/audi-a3.jpg,https://example.invalid/listing/1157
1158,Nissan Leaf Tekna #1158,Nissan,Leaf,Tekna,27882,2018,75646,Diesel,Manual,8,SW8,Local Garage,AutoMart London,Dec 2026,2026-06-11,95,£458 below similar listings,/images/cars/nissan-leaf.jpg,https://example.invalid/listing/1158
1159,Honda Civic i-VTEC #1159,Honda,Civic,i-VTEC,28261,2019,75783,Hybrid,Automatic,15,SW9,Partner Dealer,City Motors,Dec 2026,2026-06-12,96,£459 below similar listings,/images/cars/honda-civic.jpg,https://example.invalid/listing/1159
1160,Mazda 3 SE-L #1160,Mazda,3,SE-L,28640,2020,75920,Electric,Manual,22,SW10,eBay,Premium Cars Ltd,Dec 2026,2026-06-13,97,£460 below similar listings,/images/cars/mazda-3.jpg,https://example.invalid/listing/1160
1161,Volkswagen Golf 1.5 TSI #1161,Volkswagen,Golf,1.5 TSI,29019,2021,76057,Petrol,Automatic,29,SW11,Dealer Site,Green Drive Motors,Dec 2026,2026-06-14,55,£461 below similar listings,/images/cars/vw-golf.jpg,https://example.invalid/listing/1161
1162,Ford Fiesta Titanium #1162,Ford,Fiesta,Titanium,29398,2022,76194,Diesel,Manual,36,SW12,Local Garage,Direct Autos,Dec 2026,2026-06-15,56,£462 below similar listings,/images/cars/ford-fiesta.jpg,https://example.invalid/listing/1162
1163,BMW 118i Sport #1163,BMW,118i,Sport,29777,2023,76331,Hybrid,Automatic,43,SW13,Partner Dealer,EV Specialists,Dec 2026,2026-06-16,57,£463 below similar listings,/images/cars/bmw-1-series.jpg,https://example.invalid/listing/1163
1164,Toyota Yaris Hybrid #1164,Toyota,Yaris,Hybrid,30156,2024,76468,Electric,Manual,50,SW14,eBay,AutoMart London,Dec 2026,2026-06-17,58,£464 below similar listings,/images/cars/toyota-yaris.jpg,https://example.invalid/listing/1164
1165,Audi A3 TDI Sport #1165,Audi,A3,TDI Sport,30535,2025,76605,Petrol,Automatic,57,SW15,Dealer Site,City Motors,Dec 2026,2026-06-18,59,£465 below similar listings,/images/cars/audi-a3.jpg,https://example.invalid/listing/1165
1166,Nissan Leaf Tekna #1166,Nissan,Leaf,Tekna,30914,2015,76742,Diesel,Manual,64,SW16,Local Garage,Premium Cars Ltd,Dec 2026,2026-06-19,60,£466 below similar listings,/images/cars/nissan-leaf.jpg,https://example.invalid/listing/1166
1167,Honda Civic i-VTEC #1167,Honda,Civic,i-VTEC,5293,2016,76879,Hybrid,Automatic,71,SW17,Partner Dealer,Green Drive Motors,Dec 2026,2026-06-20,61,£467 below similar listings,/images/cars/honda-civic.jpg,https://example.invalid/listing/1167
1168,Mazda 3 SE-L #1168,Mazda,3,SE-L,5672,2017,77016,Electric,Manual,78,SW18,eBay,Direct Autos,Dec 2026,2026-06-21,62,£468 below similar listings,/images/cars/mazda-3.jpg,https://example.invalid/listing/1168
1169,Volkswagen Golf 1.5 TSI #1169,Volkswagen,Golf,1.5 TSI,6051,2018,77153,Petrol,Automatic,85,SW19,Dealer Site,EV Specialists,Dec 2026,2026-06-22,63,£469 below similar listings,/images/cars/vw-golf.jpg,https://example.invalid/listing/1169
1170,Ford Fiesta Titanium #1170,Ford,Fiesta,Titanium,6430,2019,77290,Diesel,Manual,92,SW0,Local Garage,AutoMart London,Dec 2026,2026-06-23,64,£470 below similar listings,/images/cars/ford-fiesta.jpg,https://example.invalid/listing/1170
1171,BMW 118i Sport #1171,BMW,118i,Sport,6809,2020,77427,Hybrid,Automatic,99,SW1,Partner Dealer,City Motors,Dec 2026,2026-06-24,65,£471 below similar listings,/images/cars/bmw-1-series.jpg,https://example.invalid/listing/1171
1172,Toyota Yaris Hybrid #1172,Toyota,Yaris,Hybrid,7188,2021,77564,Electric,Manual,106,SW2,eBay,Premium Cars Ltd,Dec 2026,2026-06-25,66,£472 below similar listings,/images/cars/toyota-yaris.jpg,https://example.invalid/listing/1172
1173,Audi A3 TDI Sport #1173,Audi,A3,TDI Sport,7567,2022,77701,Petrol,Automatic,113,SW3,Dealer Site,Green Drive Motors,Dec 2026,2026-06-26,67,£473 below similar listings,/images/cars/audi-a3.jpg,https://example.invalid/listing/1173
1174,Nissan Leaf Tekna #1174,Nissan,Leaf,Tekna,7946,2023,77838,Diesel,Manual,120,SW4,Local Garage,Direct Autos,Dec 2026,2026-06-27,68,£474 below similar listings,/images/cars/nissan-leaf.jpg,https://example.invalid/listing/1174
1175,Honda Civic i-VTEC #1175,Honda,Civic,i-VTEC,8325,2024,77975,Hybrid,Automatic,127,SW5,Partner Dealer,EV Specialists,Dec 2026,2026-06-28,69,£475 below similar listings,/images/cars/honda-civic.jpg,https://example.invalid/listing/1175
1176,Mazda 3 SE-L #1176,Mazda,3,SE-L,8704,2025,78112,Electric,Manual,134,SW6,eBay,AutoMart London,Dec 2026,2026-06-01,70,£476 below similar listings,/images/cars/mazda-3.jpg,https://example.invalid/listing/1176
1177,Volkswagen Golf 1.5 TSI #1177,Volkswagen,Golf,1.5 TSI,9083,2015,78249,Petrol,Automatic,141,SW7,Dealer Site,City Motors,Dec 2026,2026-06-02,71,£477 below similar listings,/images/cars/vw-golf.jpg,https://example.invalid/listing/1177
1178,Ford Fiesta Titanium #1178,Ford,Fiesta,Titanium,9462,2016,78386,Diesel,Manual,148,SW8,Local Garage,Premium Cars Ltd,Dec 2026,2026-06-03,72,£478 below similar listings,/images/cars/ford-fiesta.jpg,https://example.invalid/listing/1178
1179,BMW 118i Sport #1179,BMW,118i,Sport,9841,2017,78523,Hybrid,Automatic,5,SW9,Partner Dealer,Green Drive Motors,Dec 2026,2026-06-04,73,£479 below similar listings,/images/cars/bmw-1-series.jpg,https://example.invalid/listing/1179
1180,Toyota Yaris Hybrid #1180,Toyota,Yaris,Hybrid,10220,2018,78660,Electric,Manual,12,SW10,eBay,Direct Autos,Dec 2026,2026-06-05,74,£480 below similar listings,/images/cars/toyota-yaris.jpg,https://example.invalid/listing/1180
1181,Audi A3 TDI Sport #1181,Audi,A3,TDI Sport,10599,2019,78797,Petrol,Automatic,19,SW11,Dealer Site,EV Specialists,Dec 2026,2026-06-06,75,£481 below similar listings,/images/cars/audi-a3.jpg,https://example.invalid/listing/1181
1182,Nissan Leaf Tekna #1182,Nissan,Leaf,Tekna,10978,2020,78934,Diesel,Manual,26,SW12,Local Garage,AutoMart London,Dec 2026,2026-06-07,76,£482 below similar listings,/images/cars/nissan-leaf.jpg,https://example.invalid/listing/1182
1183,Honda Civic i-VTEC #1183,Honda,Civic,i-VTEC,11357,2021,79071,Hybrid,Automatic,33,SW13,Partner Dealer,City Motors,Dec 2026,2026-06-08,77,£483 below similar listings,/images/cars/honda-civic.jpg,https://example.invalid/listing/1183
1184,Mazda 3 SE-L #1184,Mazda,3,SE-L,11736,2022,79208,Electric,Manual,40,SW14,eBay,Premium Cars Ltd,Dec 2026,2026-06-09,78,£484 below similar listings,/images/cars/mazda-3.jpg,https://example.invalid/listing/1184
1185,Volkswagen Golf 1.5 TSI #1185,Volkswagen,Golf,1.5 TSI,12115,2023,79345,Petrol,Automatic,47,SW15,Dealer Site,Green Drive Motors,Dec 2026,2026-06-10,79,£485 below similar listings,/images/cars/vw-golf.jpg,https://example.invalid/listing/1185
1186,Ford Fiesta Titanium #1186,Ford,Fiesta,Titanium,12494,2024,79482,Diesel,Manual,54,SW16,Local Garage,Direct Autos,Dec 2026,2026-06-11,80,£486 below similar listings,/images/cars/ford-fiesta.jpg,https://example.invalid/listing/1186
1187,BMW 118i Sport #1187,BMW,118i,Sport,12873,2025,79619,Hybrid,Automatic,61,SW17,Partner Dealer,EV Specialists,Dec 2026,2026-06-12,81,£487 below similar listings,/images/cars/bmw-1-series.jpg,https://example.invalid/listing/1187
1188,Toyota Yaris Hybrid #1188,Toyota,Yaris,Hybrid,13252,2015,79756,Electric,Manual,68,SW18,eBay,AutoMart London,Dec 2026,2026-06-13,82,£488 below similar listings,/images/cars/toyota-yaris.jpg,https://example.invalid/listing/1188
1189,Audi A3 TDI Sport #1189,Audi,A3,TDI Sport,13631,2016,79893,Petrol,Automatic,75,SW19,Dealer Site,City Motors,Dec 2026,2026-06-14,83,£489 below similar listings,/images/cars/audi-a3.jpg,https://example.invalid/listing/1189
1190,Nissan Leaf Tekna #1190,Nissan,Leaf,Tekna,14010,2017,80030,Diesel,Manual,82,SW0,Local Garage,Premium Cars Ltd,Dec 2026,2026-06-15,84,£490 below similar listings,/images/cars/nissan-leaf.jpg,https://example.invalid/listing/1190
1191,Honda Civic i-VTEC #1191,Honda,Civic,i-VTEC,14389,2018,80167,Hybrid,Automatic,89,SW1,Partner Dealer,Green Drive Motors,Dec 2026,2026-06-16,85,£491 below similar listings,/images/cars/honda-civic.jpg,https://example.invalid/listing/1191
1192,Mazda 3 SE-L #1192,Mazda,3,SE-L,14768,2019,80304,Electric,Manual,96,SW2,eBay,Direct Autos,Dec 2026,2026-06-17,86,£492 below similar listings,/images/cars/mazda-3.jpg,https://example.invalid/listing/1192
1193,Volkswagen Golf 1.5 TSI #1193,Volkswagen,Golf,1.5 TSI,15147,2020,80441,Petrol,Automatic,103,SW3,Dealer Site,EV Specialists,Dec 2026,2026-06-18,87,£493 below similar listings,/images/cars/vw-golf.jpg,https://example.invalid/listing/1193
1194,Ford Fiesta Titanium #1194,Ford,Fiesta,Titanium,15526,2021,80578,Diesel,Manual,110,SW4,Local Garage,AutoMart London,Dec 2026,2026-06-19,88,£494 below similar listings,/images/cars/ford-fiesta.jpg,https://example.invalid/listing/1194
1195,BMW 118i Sport #1195,BMW,118i,Sport,15905,2022,80715,Hybrid,Automatic,117,SW5,Partner Dealer,City Motors,Dec 2026,2026-06-20,89,£495 below similar listings,/images/cars/bmw-1-series.jpg,https://example.invalid/listing/1195
1196,Toyota Yaris Hybrid #1196,Toyota,Yaris,Hybrid,16284,2023,80852,Electric,Manual,124,SW6,eBay,Premium Cars Ltd,Dec 2026,2026-06-21,90,£496 below similar listings,/images/cars/toyota-yaris.jpg,https://example.invalid/listing/1196
1197,Audi A3 TDI Sport #1197,Audi,A3,TDI Sport,16663,2024,80989,Petrol,Automatic,131,SW7,Dealer Site,Green Drive Motors,Dec 2026,2026-06-22,91,£497 below similar listings,/images/cars/audi-a3.jpg,https://example.invalid/listing/1197
1198,Nissan Leaf Tekna #1198,Nissan,Leaf,Tekna,17042,2025,81126,Diesel,Manual,138,SW8,Local Garage,Direct Autos,Dec 2026,2026-06-23,92,£498 below similar listings,/images/cars/nissan-leaf.jpg,https://example.invalid/listing/1198
1199,Honda Civic i-VTEC #1199,Honda,Civic,i-VTEC,17421,2015,81263,Hybrid,Automatic,145,SW9,Partner Dealer,EV Specialists,Dec 2026,2026-06-24,93,£499 below similar listings,/images/cars/honda-civic.jpg,https://example.invalid/listing/1199
1200,Mazda 3 SE-L #1200,Mazda,3,SE-L,17800,2016,81400,Electric,Manual,2,SW10,eBay,AutoMart London,Dec 2026,2026-06-25,94,£500 below similar listings,/images/cars/mazda-3.jpg,https://example.invalid/listing/1200
